protein1,protein2,score,disease
TNFRSF1A,NFKB1,0.848,Hepatitis A
TNFRSF1A,CASP8,0.998,Hepatitis A
TNFRSF1A,TAB2,0.998,Hepatitis A
TNFRSF1A,TRADD,0.999,Hepatitis A
TNFRSF1A,TNF,0.999,Hepatitis A
TNFRSF1A,CHUK,0.999,Hepatitis A
TNFRSF1A,RIPK1,0.999,Hepatitis A
TNFRSF1A,TRAF2,0.999,Hepatitis A
TNFRSF1A,TNFRSF1B,0.999,Hepatitis A
TNFRSF1A,MAP3K7,0.999,Hepatitis A
NFKB1,CASP8,0.664,Hepatitis A
NFKB1,TRAF2,0.718,Hepatitis A
NFKB1,TNFRSF1B,0.731,Hepatitis A
NFKB1,TRADD,0.756,Hepatitis A
NFKB1,MAP3K7,0.769,Hepatitis A
NFKB1,TAB2,0.893,Hepatitis A
NFKB1,RIPK1,0.895,Hepatitis A
NFKB1,TNF,0.999,Hepatitis A
NFKB1,CHUK,0.999,Hepatitis A
TRAF2,MAP3K7,0.988,Hepatitis A
TRAF2,TAB2,0.994,Hepatitis A
TRAF2,CASP8,0.994,Hepatitis A
TRAF2,TNFRSF1B,0.994,Hepatitis A
TRAF2,CHUK,0.995,Hepatitis A
TRAF2,TNF,0.999,Hepatitis A
TRAF2,TRADD,0.999,Hepatitis A
TRAF2,RIPK1,0.999,Hepatitis A
RIPK1,TNFRSF1B,0.505,Hepatitis A
RIPK1,MAP3K7,0.996,Hepatitis A
RIPK1,CHUK,0.998,Hepatitis A
RIPK1,CASP8,0.999,Hepatitis A
RIPK1,TAB2,0.999,Hepatitis A
RIPK1,TNF,0.999,Hepatitis A
RIPK1,TRADD,0.999,Hepatitis A
TRADD,TNFRSF1B,0.939,Hepatitis A
TRADD,TAB2,0.976,Hepatitis A
TRADD,MAP3K7,0.976,Hepatitis A
TRADD,CHUK,0.984,Hepatitis A
TRADD,CASP8,0.999,Hepatitis A
TRADD,TNF,0.999,Hepatitis A
CASP8,TAB2,0.465,Hepatitis A
CASP8,TNFRSF1B,0.484,Hepatitis A
CASP8,MAP3K7,0.747,Hepatitis A
CASP8,CHUK,0.95,Hepatitis A
CASP8,TNF,0.999,Hepatitis A
TAB2,CHUK,0.991,Hepatitis A
TAB2,MAP3K7,0.999,Hepatitis A
TAB2,TNF,0.999,Hepatitis A
MAP3K7,CHUK,0.994,Hepatitis A
MAP3K7,TNF,0.999,Hepatitis A
CHUK,TNFRSF1B,0.529,Hepatitis A
CHUK,TNF,0.999,Hepatitis A
TNFRSF1B,TNF,0.999,Hepatitis A
DCN,LTBP3,0.405,Hepatitis B
DCN,TGFBR1,0.428,Hepatitis B
DCN,TGFBR2,0.43,Hepatitis B
DCN,TGFBR3,0.481,Hepatitis B
DCN,ENG,0.55,Hepatitis B
DCN,LTBP1,0.6,Hepatitis B
DCN,TGFB1,0.999,Hepatitis B
TGFBR3,TGFBR1,0.977,Hepatitis B
TGFBR3,TGFBR2,0.986,Hepatitis B
TGFBR3,TGFB1,0.997,Hepatitis B
TGFB1,ITGAV,0.994,Hepatitis B
TGFB1,LRRC32,0.995,Hepatitis B
TGFB1,LTBP3,0.996,Hepatitis B
TGFB1,LTBP4,0.997,Hepatitis B
TGFB1,ENG,0.998,Hepatitis B
TGFB1,TGFBR1,0.999,Hepatitis B
TGFB1,LTBP1,0.999,Hepatitis B
TGFB1,TGFBR2,0.999,Hepatitis B
ITGAV,TGFBR1,0.4,Hepatitis B
ITGAV,TGFBR2,0.434,Hepatitis B
ITGAV,LTBP3,0.575,Hepatitis B
ITGAV,ENG,0.624,Hepatitis B
ITGAV,LTBP1,0.671,Hepatitis B
LTBP3,LTBP4,0.728,Hepatitis B
LTBP3,LTBP1,0.774,Hepatitis B
LTBP4,TGFBR2,0.417,Hepatitis B
LTBP4,LTBP1,0.663,Hepatitis B
TGFBR2,LTBP1,0.463,Hepatitis B
TGFBR2,ENG,0.997,Hepatitis B
TGFBR2,TGFBR1,0.999,Hepatitis B
ENG,TGFBR1,0.969,Hepatitis B
LTBP1,TGFBR1,0.489,Hepatitis B
TNFRSF1A,IL6ST,0.62,Hepatitis C
TNFRSF1A,JAK2,0.702,Hepatitis C
TNFRSF1A,JAK1,0.704,Hepatitis C
TNFRSF1A,IL2,0.74,Hepatitis C
TNFRSF1A,IL6R,0.916,Hepatitis C
TNFRSF1A,IL1R1,0.921,Hepatitis C
TNFRSF1A,IL10,0.968,Hepatitis C
TNFRSF1A,IL6,0.997,Hepatitis C
TNFRSF1A,IL1B,0.997,Hepatitis C
IL2,IL1R1,0.749,Hepatitis C
IL2,IL6ST,0.77,Hepatitis C
IL2,JAK2,0.896,Hepatitis C
IL2,IL6R,0.9,Hepatitis C
IL2,IL10,0.964,Hepatitis C
IL2,JAK1,0.989,Hepatitis C
IL2,IL3,0.998,Hepatitis C
IL2,IL6,0.999,Hepatitis C
IL2,IL1B,0.999,Hepatitis C
IL1B,JAK1,0.644,Hepatitis C
IL1B,IL6ST,0.662,Hepatitis C
IL1B,JAK2,0.806,Hepatitis C
IL1B,IL6R,0.975,Hepatitis C
IL1B,IL3,0.977,Hepatitis C
IL1B,IL10,0.991,Hepatitis C
IL1B,IL6,0.996,Hepatitis C
IL1B,IL1R1,0.999,Hepatitis C
IL3,IL1R1,0.622,Hepatitis C
IL3,IL6R,0.778,Hepatitis C
IL3,IL10,0.781,Hepatitis C
IL3,IL6ST,0.808,Hepatitis C
IL3,JAK1,0.893,Hepatitis C
IL3,JAK2,0.978,Hepatitis C
IL3,IL6,0.998,Hepatitis C
IL6R,IL1R1,0.834,Hepatitis C
IL6R,IL10,0.923,Hepatitis C
IL6R,JAK2,0.963,Hepatitis C
IL6R,JAK1,0.986,Hepatitis C
IL6R,IL6ST,0.999,Hepatitis C
IL6R,IL6,0.999,Hepatitis C
IL6ST,IL1R1,0.608,Hepatitis C
IL6ST,IL10,0.81,Hepatitis C
IL6ST,JAK2,0.993,Hepatitis C
IL6ST,JAK1,0.998,Hepatitis C
IL6ST,IL6,0.999,Hepatitis C
JAK2,IL1R1,0.436,Hepatitis C
JAK2,IL10,0.838,Hepatitis C
JAK2,IL6,0.995,Hepatitis C
JAK2,JAK1,0.999,Hepatitis C
IL6,JAK1,0.996,Hepatitis C
IL6,IL1R1,0.997,Hepatitis C
IL6,IL10,0.997,Hepatitis C
IL1R1,JAK1,0.432,Hepatitis C
IL1R1,IL10,0.917,Hepatitis C
IL10,JAK1,0.976,Hepatitis C
PIK3R2,KRAS,0.946,Hepatitis D
PIK3R2,AKT1,0.971,Hepatitis D
PIK3R2,PIK3R5,0.98,Hepatitis D
PIK3R2,IRS1,0.99,Hepatitis D
PIK3R2,EGFR,0.993,Hepatitis D
PIK3R2,PIK3R3,0.999,Hepatitis D
PIK3R2,PIK3R1,0.999,Hepatitis D
PIK3R2,PIK3CB,0.999,Hepatitis D
PIK3R2,PIK3CD,0.999,Hepatitis D
PIK3R2,PIK3CA,0.999,Hepatitis D
KRAS,IRS1,0.689,Hepatitis D
KRAS,AKT1,0.904,Hepatitis D
KRAS,PIK3R5,0.921,Hepatitis D
KRAS,PIK3R3,0.952,Hepatitis D
KRAS,PIK3R1,0.963,Hepatitis D
KRAS,PIK3CB,0.973,Hepatitis D
KRAS,PIK3CD,0.974,Hepatitis D
KRAS,EGFR,0.997,Hepatitis D
KRAS,PIK3CA,0.998,Hepatitis D
PIK3R3,AKT1,0.962,Hepatitis D
PIK3R3,PIK3R5,0.981,Hepatitis D
PIK3R3,EGFR,0.99,Hepatitis D
PIK3R3,IRS1,0.997,Hepatitis D
PIK3R3,PIK3R1,0.997,Hepatitis D
PIK3R3,PIK3CA,0.999,Hepatitis D
PIK3R3,PIK3CD,0.999,Hepatitis D
PIK3R3,PIK3CB,0.999,Hepatitis D
PIK3CA,PIK3CD,0.998,Hepatitis D
PIK3CA,PIK3CB,0.998,Hepatitis D
PIK3CA,AKT1,0.998,Hepatitis D
PIK3CA,PIK3R5,0.999,Hepatitis D
PIK3CA,IRS1,0.999,Hepatitis D
PIK3CA,EGFR,0.999,Hepatitis D
PIK3CA,PIK3R1,0.999,Hepatitis D
EGFR,AKT1,0.792,Hepatitis D
EGFR,IRS1,0.939,Hepatitis D
EGFR,PIK3CD,0.942,Hepatitis D
EGFR,PIK3CB,0.993,Hepatitis D
EGFR,PIK3R1,0.998,Hepatitis D
IRS1,PIK3R5,0.924,Hepatitis D
IRS1,PIK3CD,0.943,Hepatitis D
IRS1,AKT1,0.972,Hepatitis D
IRS1,PIK3CB,0.991,Hepatitis D
IRS1,PIK3R1,0.999,Hepatitis D
PIK3CD,AKT1,0.976,Hepatitis D
PIK3CD,PIK3CB,0.998,Hepatitis D
PIK3CD,PIK3R5,0.999,Hepatitis D
PIK3CD,PIK3R1,0.999,Hepatitis D
PIK3R5,AKT1,0.945,Hepatitis D
PIK3R5,PIK3R1,0.966,Hepatitis D
PIK3R5,PIK3CB,0.999,Hepatitis D
PIK3R1,AKT1,0.995,Hepatitis D
PIK3R1,PIK3CB,0.999,Hepatitis D
AKT1,PIK3CB,0.992,Hepatitis D
SIRT1,RPA1,0.412,Hepatitis E
SIRT1,MDM2,0.699,Hepatitis E
SIRT1,CREBBP,0.754,Hepatitis E
SIRT1,HSP90AA1,0.803,Hepatitis E
SIRT1,ATM,0.856,Hepatitis E
SIRT1,EP300,0.972,Hepatitis E
SIRT1,TP53,0.999,Hepatitis E
RPA1,EP300,0.466,Hepatitis E
RPA1,ATM,0.928,Hepatitis E
RPA1,TP53,0.999,Hepatitis E
MDM2,CREBBP,0.909,Hepatitis E
MDM2,HSP90AA1,0.909,Hepatitis E
MDM2,SFN,0.989,Hepatitis E
MDM2,ATM,0.995,Hepatitis E
MDM2,DAXX,0.995,Hepatitis E
MDM2,EP300,0.999,Hepatitis E
MDM2,TP53,0.999,Hepatitis E
CREBBP,HSP90AA1,0.415,Hepatitis E
CREBBP,ATM,0.497,Hepatitis E
CREBBP,DAXX,0.842,Hepatitis E
CREBBP,TP53,0.999,Hepatitis E
CREBBP,EP300,0.999,Hepatitis E
EP300,TP53BP2,0.413,Hepatitis E
EP300,HSP90AA1,0.809,Hepatitis E
EP300,ATM,0.904,Hepatitis E
EP300,TP53,0.999,Hepatitis E
DAXX,ATM,0.813,Hepatitis E
DAXX,TP53,0.999,Hepatitis E
TP53,SFN,0.999,Hepatitis E
TP53,HSP90AA1,0.999,Hepatitis E
TP53,ATM,0.999,Hepatitis E
TP53,TP53BP2,0.999,Hepatitis E
ATM,SFN,0.604,Hepatitis E
ATM,HSP90AA1,0.785,Hepatitis E
HSP90AA1,SFN,0.45,Hepatitis E
CD4,CD2,0.996,Liver Tuberculosis
CD4,ERVW-1,0.996,Liver Tuberculosis
CD4,HLA-DRA,0.997,Liver Tuberculosis
CD4,CD5,0.997,Liver Tuberculosis
CD4,IL16,0.998,Liver Tuberculosis
CD4,LCK,0.999,Liver Tuberculosis
CD4,CCR5,0.999,Liver Tuberculosis
CD4,CD8A,0.999,Liver Tuberculosis
CD4,ITIH4,0.999,Liver Tuberculosis
CD4,CXCR4,0.999,Liver Tuberculosis
ITIH4,LCK,0.403,Liver Tuberculosis
ITIH4,CD2,0.546,Liver Tuberculosis
ITIH4,CD8A,0.85,Liver Tuberculosis
ITIH4,ERVW-1,0.993,Liver Tuberculosis
ITIH4,CXCR4,0.999,Liver Tuberculosis
ITIH4,CCR5,0.999,Liver Tuberculosis
CCR5,HLA-DRA,0.637,Liver Tuberculosis
CCR5,LCK,0.638,Liver Tuberculosis
CCR5,CD2,0.81,Liver Tuberculosis
CCR5,IL16,0.849,Liver Tuberculosis
CCR5,CD8A,0.941,Liver Tuberculosis
CCR5,ERVW-1,0.996,Liver Tuberculosis
CCR5,CXCR4,0.996,Liver Tuberculosis
IL16,CD8A,0.669,Liver Tuberculosis
CD5,CXCR4,0.53,Liver Tuberculosis
CD5,ERVW-1,0.555,Liver Tuberculosis
CD5,LCK,0.957,Liver Tuberculosis
CD5,CD8A,0.963,Liver Tuberculosis
CD5,CD2,0.994,Liver Tuberculosis
CD2,HLA-DRA,0.662,Liver Tuberculosis
CD2,CXCR4,0.673,Liver Tuberculosis
CD2,LCK,0.986,Liver Tuberculosis
CD2,CD8A,0.998,Liver Tuberculosis
HLA-DRA,CD8A,0.617,Liver Tuberculosis
HLA-DRA,LCK,0.768,Liver Tuberculosis
CD8A,ERVW-1,0.806,Liver Tuberculosis
CD8A,CXCR4,0.903,Liver Tuberculosis
CD8A,LCK,0.999,Liver Tuberculosis
CXCR4,LCK,0.574,Liver Tuberculosis
CXCR4,ERVW-1,0.994,Liver Tuberculosis
ERVW-1,LCK,0.559,Liver Tuberculosis
CD4,CCL8,0.541,Schistosomiasis-Related Liver Disease
CD4,CCL3L1,0.66,Schistosomiasis-Related Liver Disease
CD4,CCR1,0.708,Schistosomiasis-Related Liver Disease
CD4,CCL2,0.839,Schistosomiasis-Related Liver Disease
CD4,CXCL10,0.839,Schistosomiasis-Related Liver Disease
CD4,CCL3,0.88,Schistosomiasis-Related Liver Disease
CD4,CCL5,0.887,Schistosomiasis-Related Liver Disease
CD4,CCL4,0.939,Schistosomiasis-Related Liver Disease
CCL2,ITIH4,0.476,Schistosomiasis-Related Liver Disease
CCL2,CCL3,0.576,Schistosomiasis-Related Liver Disease
CCL2,CCL3L1,0.718,Schistosomiasis-Related Liver Disease
CCL2,CCL4,0.787,Schistosomiasis-Related Liver Disease
CCL2,CXCL10,0.965,Schistosomiasis-Related Liver Disease
CCL2,CCL5,0.999,Schistosomiasis-Related Liver Disease
CCL2,CCL8,0.999,Schistosomiasis-Related Liver Disease
CCL2,CCR5,0.999,Schistosomiasis-Related Liver Disease
CCL2,CCR1,0.999,Schistosomiasis-Related Liver Disease
ITIH4,CCR1,0.591,Schistosomiasis-Related Liver Disease
ITIH4,CCL3,0.789,Schistosomiasis-Related Liver Disease
ITIH4,CCL5,0.827,Schistosomiasis-Related Liver Disease
ITIH4,CCL4,0.836,Schistosomiasis-Related Liver Disease
CCR5,CCR1,0.998,Schistosomiasis-Related Liver Disease
CCR5,CCL3L1,0.999,Schistosomiasis-Related Liver Disease
CCR5,CCL8,0.999,Schistosomiasis-Related Liver Disease
CCR5,CCL5,0.999,Schistosomiasis-Related Liver Disease
CCR5,CCL4,0.999,Schistosomiasis-Related Liver Disease
CCR5,CCL3,0.999,Schistosomiasis-Related Liver Disease
CCR5,CXCL10,0.999,Schistosomiasis-Related Liver Disease
CCR1,CXCL10,0.994,Schistosomiasis-Related Liver Disease
CCR1,CCL3L1,0.998,Schistosomiasis-Related Liver Disease
CCR1,CCL4,0.999,Schistosomiasis-Related Liver Disease
CCR1,CCL3,0.999,Schistosomiasis-Related Liver Disease
CCR1,CCL5,0.999,Schistosomiasis-Related Liver Disease
CCR1,CCL8,0.999,Schistosomiasis-Related Liver Disease
CXCL10,CCL3L1,0.81,Schistosomiasis-Related Liver Disease
CXCL10,CCL3,0.951,Schistosomiasis-Related Liver Disease
CXCL10,CCL4,0.959,Schistosomiasis-Related Liver Disease
CXCL10,CCL5,0.999,Schistosomiasis-Related Liver Disease
CXCL10,CCL8,0.999,Schistosomiasis-Related Liver Disease
CCL8,CCL3L1,0.558,Schistosomiasis-Related Liver Disease
CCL8,CCL3,0.655,Schistosomiasis-Related Liver Disease
CCL8,CCL5,0.995,Schistosomiasis-Related Liver Disease
CCL5,CCL3L1,0.854,Schistosomiasis-Related Liver Disease
CCL5,CCL3,0.913,Schistosomiasis-Related Liver Disease
CCL5,CCL4,0.953,Schistosomiasis-Related Liver Disease
CCL3,CCL3L1,0.992,Schistosomiasis-Related Liver Disease
CCL3,CCL4,0.997,Schistosomiasis-Related Liver Disease
CCL3L1,CCL4,0.865,Schistosomiasis-Related Liver Disease
CD80,LGALS9,0.634,Echinococcosis
CD80,LOC102723996,0.762,Echinococcosis
CD80,ICOSLG,0.776,Echinococcosis
CD80,PDCD1LG2,0.993,Echinococcosis
CD80,ICOS,0.997,Echinococcosis
CD80,PDCD1,0.998,Echinococcosis
CD80,CTLA4,0.999,Echinococcosis
CD80,CD86,0.999,Echinococcosis
CD80,CD274,0.999,Echinococcosis
CD80,CD28,0.999,Echinococcosis
ICOS,LGALS9,0.719,Echinococcosis
ICOS,PDCD1,0.941,Echinococcosis
ICOS,PDCD1LG2,0.972,Echinococcosis
ICOS,CD28,0.979,Echinococcosis
ICOS,CD274,0.995,Echinococcosis
ICOS,CD86,0.996,Echinococcosis
ICOS,CTLA4,0.998,Echinococcosis
ICOS,ICOSLG,0.999,Echinococcosis
ICOS,LOC102723996,0.999,Echinococcosis
CD28,LGALS9,0.62,Echinococcosis
CD28,PDCD1,0.936,Echinococcosis
CD28,PDCD1LG2,0.976,Echinococcosis
CD28,CTLA4,0.991,Echinococcosis
CD28,ICOSLG,0.997,Echinococcosis
CD28,CD274,0.997,Echinococcosis
CD28,LOC102723996,0.999,Echinococcosis
CD28,CD86,0.999,Echinococcosis
CD86,ICOSLG,0.596,Echinococcosis
CD86,LOC102723996,0.603,Echinococcosis
CD86,LGALS9,0.766,Echinococcosis
CD86,PDCD1LG2,0.972,Echinococcosis
CD86,CD274,0.972,Echinococcosis
CD86,PDCD1,0.996,Echinococcosis
CD86,CTLA4,0.999,Echinococcosis
PDCD1,LOC102723996,0.887,Echinococcosis
PDCD1,ICOSLG,0.89,Echinococcosis
PDCD1,LGALS9,0.969,Echinococcosis
PDCD1,CTLA4,0.992,Echinococcosis
PDCD1,CD274,0.999,Echinococcosis
PDCD1,PDCD1LG2,0.999,Echinococcosis
ICOSLG,LGALS9,0.515,Echinococcosis
ICOSLG,PDCD1LG2,0.742,Echinococcosis
ICOSLG,CD274,0.806,Echinococcosis
ICOSLG,LOC102723996,0.847,Echinococcosis
ICOSLG,CTLA4,0.992,Echinococcosis
CD274,LOC102723996,0.801,Echinococcosis
CD274,LGALS9,0.896,Echinococcosis
CD274,PDCD1LG2,0.996,Echinococcosis
CD274,CTLA4,0.999,Echinococcosis
LGALS9,LOC102723996,0.516,Echinococcosis
LGALS9,PDCD1LG2,0.807,Echinococcosis
LGALS9,CTLA4,0.991,Echinococcosis
PDCD1LG2,LOC102723996,0.74,Echinococcosis
PDCD1LG2,CTLA4,0.998,Echinococcosis
LOC102723996,CTLA4,0.999,Echinococcosis
CD4,PTPN6,0.704,Brucellosis-Associated Hepatitis
CD4,LGALS9,0.728,Brucellosis-Associated Hepatitis
CD4,PTPN11,0.783,Brucellosis-Associated Hepatitis
CD4,LAG3,0.914,Brucellosis-Associated Hepatitis
CD4,CD274,0.938,Brucellosis-Associated Hepatitis
CD4,PDCD1LG2,0.945,Brucellosis-Associated Hepatitis
CD4,CTLA4,0.955,Brucellosis-Associated Hepatitis
CD4,CD80,0.958,Brucellosis-Associated Hepatitis
CD4,CD86,0.958,Brucellosis-Associated Hepatitis
CD4,PDCD1,0.96,Brucellosis-Associated Hepatitis
LAG3,PTPN11,0.434,Brucellosis-Associated Hepatitis
LAG3,PDCD1LG2,0.872,Brucellosis-Associated Hepatitis
LAG3,PDCD1,0.95,Brucellosis-Associated Hepatitis
LAG3,CTLA4,0.965,Brucellosis-Associated Hepatitis
LAG3,CD274,0.976,Brucellosis-Associated Hepatitis
LAG3,CD86,0.979,Brucellosis-Associated Hepatitis
LAG3,CD80,0.99,Brucellosis-Associated Hepatitis
LAG3,LGALS9,0.993,Brucellosis-Associated Hepatitis
CD80,PTPN11,0.699,Brucellosis-Associated Hepatitis
CD86,PTPN11,0.672,Brucellosis-Associated Hepatitis
PDCD1,PTPN6,0.961,Brucellosis-Associated Hepatitis
PDCD1,PTPN11,0.998,Brucellosis-Associated Hepatitis
CD274,PTPN6,0.619,Brucellosis-Associated Hepatitis
CD274,PTPN11,0.95,Brucellosis-Associated Hepatitis
LGALS9,PTPN11,0.56,Brucellosis-Associated Hepatitis
PDCD1LG2,PTPN6,0.587,Brucellosis-Associated Hepatitis
PDCD1LG2,PTPN11,0.846,Brucellosis-Associated Hepatitis
PTPN6,PTPN11,0.95,Brucellosis-Associated Hepatitis
PTPN6,CTLA4,0.954,Brucellosis-Associated Hepatitis
PTPN11,CTLA4,0.991,Brucellosis-Associated Hepatitis
CD4,IFNGR2,0.465,Yellow Fever
CD4,JAK2,0.635,Yellow Fever
CD4,IFNGR1,0.739,Yellow Fever
CD4,JAK1,0.74,Yellow Fever
CD4,IL1B,0.958,Yellow Fever
CD4,TNF,0.968,Yellow Fever
CD4,IL4,0.97,Yellow Fever
CD4,IL2,0.975,Yellow Fever
CD4,IL10,0.976,Yellow Fever
CD4,IFNG,0.991,Yellow Fever
IL2,IFNGR1,0.863,Yellow Fever
IL2,TNF,0.957,Yellow Fever
IL2,IFNG,0.99,Yellow Fever
IL2,IL4,0.999,Yellow Fever
IFNG,IL4,0.99,Yellow Fever
IFNG,TNF,0.991,Yellow Fever
IFNG,JAK1,0.993,Yellow Fever
IFNG,IL10,0.995,Yellow Fever
IFNG,JAK2,0.998,Yellow Fever
IFNG,IL1B,0.998,Yellow Fever
IFNG,IFNGR1,0.999,Yellow Fever
IFNG,IFNGR2,0.999,Yellow Fever
IL4,JAK2,0.856,Yellow Fever
IL4,IFNGR1,0.892,Yellow Fever
IL4,TNF,0.977,Yellow Fever
IL4,IL10,0.986,Yellow Fever
IL4,JAK1,0.997,Yellow Fever
IL4,IL1B,0.998,Yellow Fever
IL1B,IFNGR2,0.443,Yellow Fever
IL1B,IFNGR1,0.531,Yellow Fever
IL1B,TNF,0.998,Yellow Fever
IFNGR1,TNF,0.772,Yellow Fever
IFNGR1,IL10,0.92,Yellow Fever
IFNGR1,IFNGR2,0.999,Yellow Fever
IFNGR1,JAK2,0.999,Yellow Fever
IFNGR1,JAK1,0.999,Yellow Fever
JAK2,TNF,0.801,Yellow Fever
JAK2,IFNGR2,0.999,Yellow Fever
IFNGR2,IL10,0.445,Yellow Fever
IFNGR2,TNF,0.476,Yellow Fever
IFNGR2,JAK1,0.998,Yellow Fever
TNF,JAK1,0.828,Yellow Fever
TNF,IL10,0.992,Yellow Fever
BCL3,TNF,0.54,Cytomegalovirus Hepatitis
BCL3,IKBKB,0.611,Cytomegalovirus Hepatitis
BCL3,IKBKG,0.69,Cytomegalovirus Hepatitis
BCL3,CHUK,0.701,Cytomegalovirus Hepatitis
BCL3,NFKBIA,0.904,Cytomegalovirus Hepatitis
BCL3,RELA,0.951,Cytomegalovirus Hepatitis
BCL3,REL,0.952,Cytomegalovirus Hepatitis
BCL3,RELB,0.959,Cytomegalovirus Hepatitis
BCL3,NFKB1,0.999,Cytomegalovirus Hepatitis
BCL3,NFKB2,0.999,Cytomegalovirus Hepatitis
NFKBIA,TNF,0.967,Cytomegalovirus Hepatitis
NFKBIA,NFKB2,0.995,Cytomegalovirus Hepatitis
NFKBIA,RELB,0.995,Cytomegalovirus Hepatitis
NFKBIA,IKBKG,0.999,Cytomegalovirus Hepatitis
NFKBIA,REL,0.999,Cytomegalovirus Hepatitis
NFKBIA,CHUK,0.999,Cytomegalovirus Hepatitis
NFKBIA,IKBKB,0.999,Cytomegalovirus Hepatitis
NFKBIA,NFKB1,0.999,Cytomegalovirus Hepatitis
NFKBIA,RELA,0.999,Cytomegalovirus Hepatitis
RELB,TNF,0.749,Cytomegalovirus Hepatitis
RELB,IKBKG,0.85,Cytomegalovirus Hepatitis
RELB,IKBKB,0.886,Cytomegalovirus Hepatitis
RELB,CHUK,0.995,Cytomegalovirus Hepatitis
RELB,REL,0.998,Cytomegalovirus Hepatitis
RELB,NFKB2,0.999,Cytomegalovirus Hepatitis
RELB,RELA,0.999,Cytomegalovirus Hepatitis
RELB,NFKB1,0.999,Cytomegalovirus Hepatitis
NFKB1,IKBKB,0.999,Cytomegalovirus Hepatitis
NFKB1,REL,0.999,Cytomegalovirus Hepatitis
NFKB1,RELA,0.999,Cytomegalovirus Hepatitis
NFKB1,IKBKG,0.999,Cytomegalovirus Hepatitis
NFKB1,NFKB2,0.999,Cytomegalovirus Hepatitis
REL,IKBKG,0.899,Cytomegalovirus Hepatitis
REL,TNF,0.899,Cytomegalovirus Hepatitis
REL,IKBKB,0.956,Cytomegalovirus Hepatitis
REL,CHUK,0.967,Cytomegalovirus Hepatitis
REL,NFKB2,0.999,Cytomegalovirus Hepatitis
REL,RELA,0.999,Cytomegalovirus Hepatitis
NFKB2,TNF,0.772,Cytomegalovirus Hepatitis
NFKB2,IKBKG,0.944,Cytomegalovirus Hepatitis
NFKB2,IKBKB,0.955,Cytomegalovirus Hepatitis
NFKB2,CHUK,0.998,Cytomegalovirus Hepatitis
NFKB2,RELA,0.999,Cytomegalovirus Hepatitis
CHUK,RELA,0.999,Cytomegalovirus Hepatitis
CHUK,IKBKB,0.999,Cytomegalovirus Hepatitis
CHUK,IKBKG,0.999,Cytomegalovirus Hepatitis
RELA,IKBKG,0.996,Cytomegalovirus Hepatitis
RELA,TNF,0.997,Cytomegalovirus Hepatitis
RELA,IKBKB,0.999,Cytomegalovirus Hepatitis
TNF,IKBKB,0.999,Cytomegalovirus Hepatitis
TNF,IKBKG,0.999,Cytomegalovirus Hepatitis
IKBKB,IKBKG,0.999,Cytomegalovirus Hepatitis
MAPK1,DUSP1,0.996,Herpes Simplex Virus Hepatitis
MAPK1,STAT3,0.996,Herpes Simplex Virus Hepatitis
MAPK1,PTPN7,0.998,Herpes Simplex Virus Hepatitis
MAPK1,PEA15,0.998,Herpes Simplex Virus Hepatitis
MAPK1,TP53,0.998,Herpes Simplex Virus Hepatitis
MAPK1,JUN,0.998,Herpes Simplex Virus Hepatitis
MAPK1,MAP2K1,0.999,Herpes Simplex Virus Hepatitis
MAPK1,RPS6KA1,0.999,Herpes Simplex Virus Hepatitis
MAPK1,MAP2K2,0.999,Herpes Simplex Virus Hepatitis
MAPK1,MKNK1,0.999,Herpes Simplex Virus Hepatitis
DUSP1,PTPN7,0.442,Herpes Simplex Virus Hepatitis
DUSP1,STAT3,0.45,Herpes Simplex Virus Hepatitis
DUSP1,TP53,0.516,Herpes Simplex Virus Hepatitis
DUSP1,MAP2K1,0.699,Herpes Simplex Virus Hepatitis
DUSP1,JUN,0.911,Herpes Simplex Virus Hepatitis
MAP2K2,TP53,0.426,Herpes Simplex Virus Hepatitis
MAP2K2,MKNK1,0.461,Herpes Simplex Virus Hepatitis
MAP2K2,JUN,0.59,Herpes Simplex Virus Hepatitis
MAP2K2,MAP2K1,0.996,Herpes Simplex Virus Hepatitis
STAT3,RPS6KA1,0.606,Herpes Simplex Virus Hepatitis
STAT3,MAP2K1,0.669,Herpes Simplex Virus Hepatitis
STAT3,TP53,0.994,Herpes Simplex Virus Hepatitis
STAT3,JUN,0.995,Herpes Simplex Virus Hepatitis
TP53,MAP2K1,0.667,Herpes Simplex Virus Hepatitis
TP53,RPS6KA1,0.687,Herpes Simplex Virus Hepatitis
TP53,JUN,0.997,Herpes Simplex Virus Hepatitis
MAP2K1,MKNK1,0.527,Herpes Simplex Virus Hepatitis
MAP2K1,PTPN7,0.576,Herpes Simplex Virus Hepatitis
MAP2K1,JUN,0.808,Herpes Simplex Virus Hepatitis
PTPN7,RPS6KA1,0.554,Herpes Simplex Virus Hepatitis
JUN,RPS6KA1,0.58,Herpes Simplex Virus Hepatitis
MAPK1,TAB1,0.472,Varicella-Zoster Virus Hepatitis
MAPK1,MAPKAPK3,0.574,Varicella-Zoster Virus Hepatitis
MAPK1,MAPKAPK2,0.888,Varicella-Zoster Virus Hepatitis
MAPK1,MAP2K6,0.966,Varicella-Zoster Virus Hepatitis
MAPK1,ATF2,0.973,Varicella-Zoster Virus Hepatitis
MAPK1,MAP2K3,0.977,Varicella-Zoster Virus Hepatitis
MAPK1,MAPK14,0.995,Varicella-Zoster Virus Hepatitis
TAB1,MAPKAPK3,0.435,Varicella-Zoster Virus Hepatitis
TAB1,TP53,0.435,Varicella-Zoster Virus Hepatitis
TAB1,JUN,0.482,Varicella-Zoster Virus Hepatitis
TAB1,MAPKAPK2,0.528,Varicella-Zoster Virus Hepatitis
TAB1,MAP2K6,0.95,Varicella-Zoster Virus Hepatitis
TAB1,MAP2K3,0.978,Varicella-Zoster Virus Hepatitis
TAB1,MAPK14,0.999,Varicella-Zoster Virus Hepatitis
MAPK14,JUN,0.992,Varicella-Zoster Virus Hepatitis
MAPK14,TP53,0.994,Varicella-Zoster Virus Hepatitis
MAPK14,MAPKAPK3,0.996,Varicella-Zoster Virus Hepatitis
MAPK14,MAP2K6,0.997,Varicella-Zoster Virus Hepatitis
MAPK14,DUSP1,0.998,Varicella-Zoster Virus Hepatitis
MAPK14,ATF2,0.998,Varicella-Zoster Virus Hepatitis
MAPK14,MAP2K3,0.999,Varicella-Zoster Virus Hepatitis
MAPK14,MAPKAPK2,0.999,Varicella-Zoster Virus Hepatitis
DUSP1,MAP2K6,0.425,Varicella-Zoster Virus Hepatitis
DUSP1,MAPKAPK2,0.442,Varicella-Zoster Virus Hepatitis
DUSP1,MAP2K3,0.538,Varicella-Zoster Virus Hepatitis
DUSP1,ATF2,0.739,Varicella-Zoster Virus Hepatitis
ATF2,MAPKAPK2,0.447,Varicella-Zoster Virus Hepatitis
ATF2,MAP2K6,0.463,Varicella-Zoster Virus Hepatitis
ATF2,MAP2K3,0.531,Varicella-Zoster Virus Hepatitis
ATF2,TP53,0.805,Varicella-Zoster Virus Hepatitis
ATF2,JUN,0.999,Varicella-Zoster Virus Hepatitis
TP53,MAP2K6,0.418,Varicella-Zoster Virus Hepatitis
TP53,MAPKAPK2,0.44,Varicella-Zoster Virus Hepatitis
TP53,MAP2K3,0.711,Varicella-Zoster Virus Hepatitis
MAP2K3,MAPKAPK2,0.691,Varicella-Zoster Virus Hepatitis
MAP2K3,MAPKAPK3,0.762,Varicella-Zoster Virus Hepatitis
MAP2K3,JUN,0.786,Varicella-Zoster Virus Hepatitis
MAP2K3,MAP2K6,0.989,Varicella-Zoster Virus Hepatitis
MAPKAPK2,JUN,0.533,Varicella-Zoster Virus Hepatitis
MAPKAPK2,MAP2K6,0.95,Varicella-Zoster Virus Hepatitis
MAPKAPK2,MAPKAPK3,0.974,Varicella-Zoster Virus Hepatitis
JUN,MAP2K6,0.578,Varicella-Zoster Virus Hepatitis
MAPKAPK3,MAP2K6,0.627,Varicella-Zoster Virus Hepatitis
UGT1A6,EPHX1,0.544,Epstein-Barr Virus Hepatitis
UGT1A6,GSTM1,0.606,Epstein-Barr Virus Hepatitis
UGT1A6,COMT,0.86,Epstein-Barr Virus Hepatitis
UGT1A6,CYP1A1,0.986,Epstein-Barr Virus Hepatitis
UGT1A6,UGT1A10,0.994,Epstein-Barr Virus Hepatitis
UGT1A6,CYP3A4,0.994,Epstein-Barr Virus Hepatitis
UGT1A6,UGT1A7,0.994,Epstein-Barr Virus Hepatitis
UGT1A6,UGT1A4,0.995,Epstein-Barr Virus Hepatitis
UGT1A6,UGT1A8,0.997,Epstein-Barr Virus Hepatitis
UGT1A6,UGT1A1,0.998,Epstein-Barr Virus Hepatitis
UGT1A1,EPHX1,0.446,Epstein-Barr Virus Hepatitis
UGT1A1,GSTM1,0.594,Epstein-Barr Virus Hepatitis
UGT1A1,COMT,0.85,Epstein-Barr Virus Hepatitis
UGT1A1,CYP1A1,0.985,Epstein-Barr Virus Hepatitis
UGT1A1,UGT1A7,0.994,Epstein-Barr Virus Hepatitis
UGT1A1,CYP3A4,0.994,Epstein-Barr Virus Hepatitis
UGT1A1,UGT1A4,0.994,Epstein-Barr Virus Hepatitis
UGT1A1,UGT1A10,0.995,Epstein-Barr Virus Hepatitis
UGT1A1,UGT1A8,0.996,Epstein-Barr Virus Hepatitis
GSTM1,COMT,0.523,Epstein-Barr Virus Hepatitis
GSTM1,UGT1A4,0.591,Epstein-Barr Virus Hepatitis
GSTM1,UGT1A8,0.593,Epstein-Barr Virus Hepatitis
GSTM1,UGT1A10,0.594,Epstein-Barr Virus Hepatitis
GSTM1,UGT1A7,0.596,Epstein-Barr Virus Hepatitis
GSTM1,CYP3A4,0.958,Epstein-Barr Virus Hepatitis
GSTM1,EPHX1,0.985,Epstein-Barr Virus Hepatitis
GSTM1,CYP1A1,0.991,Epstein-Barr Virus Hepatitis
UGT1A10,EPHX1,0.444,Epstein-Barr Virus Hepatitis
UGT1A10,COMT,0.859,Epstein-Barr Virus Hepatitis
UGT1A10,CYP1A1,0.985,Epstein-Barr Virus Hepatitis
UGT1A10,CYP3A4,0.992,Epstein-Barr Virus Hepatitis
UGT1A10,UGT1A7,0.994,Epstein-Barr Virus Hepatitis
UGT1A10,UGT1A4,0.994,Epstein-Barr Virus Hepatitis
UGT1A10,UGT1A8,0.995,Epstein-Barr Virus Hepatitis
COMT,CYP3A4,0.603,Epstein-Barr Virus Hepatitis
COMT,UGT1A7,0.858,Epstein-Barr Virus Hepatitis
COMT,UGT1A4,0.859,Epstein-Barr Virus Hepatitis
COMT,UGT1A8,0.859,Epstein-Barr Virus Hepatitis
COMT,CYP1A1,0.985,Epstein-Barr Virus Hepatitis
UGT1A4,EPHX1,0.457,Epstein-Barr Virus Hepatitis
UGT1A4,CYP1A1,0.985,Epstein-Barr Virus Hepatitis
UGT1A4,CYP3A4,0.992,Epstein-Barr Virus Hepatitis
UGT1A4,UGT1A8,0.994,Epstein-Barr Virus Hepatitis
UGT1A4,UGT1A7,0.994,Epstein-Barr Virus Hepatitis
UGT1A7,EPHX1,0.458,Epstein-Barr Virus Hepatitis
UGT1A7,CYP1A1,0.985,Epstein-Barr Virus Hepatitis
UGT1A7,CYP3A4,0.992,Epstein-Barr Virus Hepatitis
UGT1A7,UGT1A8,0.994,Epstein-Barr Virus Hepatitis
UGT1A8,EPHX1,0.644,Epstein-Barr Virus Hepatitis
UGT1A8,CYP1A1,0.985,Epstein-Barr Virus Hepatitis
UGT1A8,CYP3A4,0.992,Epstein-Barr Virus Hepatitis
CYP1A1,EPHX1,0.985,Epstein-Barr Virus Hepatitis
CYP1A1,CYP3A4,0.987,Epstein-Barr Virus Hepatitis
EPHX1,CYP3A4,0.956,Epstein-Barr Virus Hepatitis
MAPK1,ARRB2,0.985,HIV-Associated Liver Disease
MAPK1,ARRB1,0.989,HIV-Associated Liver Disease
MAPK1,FOS,0.992,HIV-Associated Liver Disease
MAPK1,MAPK3,0.994,HIV-Associated Liver Disease
DUSP1,FOS,0.961,HIV-Associated Liver Disease
DUSP1,MAPK3,0.996,HIV-Associated Liver Disease
MAP2K2,ARRB2,0.534,HIV-Associated Liver Disease
MAP2K2,ARRB1,0.548,HIV-Associated Liver Disease
MAP2K2,MAPK3,0.99,HIV-Associated Liver Disease
MAPK3,RPS6KA1,0.99,HIV-Associated Liver Disease
MAPK3,ARRB1,0.991,HIV-Associated Liver Disease
MAPK3,PTPN7,0.992,HIV-Associated Liver Disease
MAPK3,FOS,0.994,HIV-Associated Liver Disease
MAPK3,TP53,0.994,HIV-Associated Liver Disease
MAPK3,ARRB2,0.996,HIV-Associated Liver Disease
MAPK3,MAP2K1,0.999,HIV-Associated Liver Disease
TP53,ARRB1,0.527,HIV-Associated Liver Disease
TP53,FOS,0.952,HIV-Associated Liver Disease
MAP2K1,FOS,0.652,HIV-Associated Liver Disease
MAP2K1,ARRB1,0.875,HIV-Associated Liver Disease
MAP2K1,ARRB2,0.975,HIV-Associated Liver Disease
FOS,ARRB2,0.406,HIV-Associated Liver Disease
FOS,RPS6KA1,0.729,HIV-Associated Liver Disease
ARRB2,ARRB1,0.986,HIV-Associated Liver Disease
MAPK8IP1,NFATC3,0.406,Q Fever Hepatitis
MAPK8IP1,MAP2K4,0.517,Q Fever Hepatitis
MAPK8IP1,DUSP16,0.727,Q Fever Hepatitis
MAPK8IP1,JUN,0.992,Q Fever Hepatitis
MAPK8IP1,MAPK9,0.993,Q Fever Hepatitis
MAPK8IP1,MAPK8,0.999,Q Fever Hepatitis
MAPK8IP1,MAP2K7,0.999,Q Fever Hepatitis
JUND,TP53,0.477,Q Fever Hepatitis
JUND,ATF2,0.895,Q Fever Hepatitis
JUND,MAPK9,0.987,Q Fever Hepatitis
JUND,MAPK8,0.995,Q Fever Hepatitis
JUND,JUN,0.999,Q Fever Hepatitis
ATF2,MAP2K7,0.4,Q Fever Hepatitis
ATF2,MAP2K4,0.497,Q Fever Hepatitis
ATF2,MAPK9,0.972,Q Fever Hepatitis
ATF2,MAPK8,0.998,Q Fever Hepatitis
TP53,MAP2K4,0.575,Q Fever Hepatitis
TP53,MAPK9,0.982,Q Fever Hepatitis
TP53,MAPK8,0.997,Q Fever Hepatitis
DUSP16,JUN,0.539,Q Fever Hepatitis
DUSP16,MAP2K7,0.578,Q Fever Hepatitis
DUSP16,MAPK9,0.985,Q Fever Hepatitis
DUSP16,MAPK8,0.998,Q Fever Hepatitis
NFATC3,JUN,0.522,Q Fever Hepatitis
NFATC3,MAPK9,0.952,Q Fever Hepatitis
NFATC3,MAPK8,0.995,Q Fever Hepatitis
JUN,MAP2K7,0.915,Q Fever Hepatitis
JUN,MAP2K4,0.921,Q Fever Hepatitis
JUN,MAPK9,0.999,Q Fever Hepatitis
JUN,MAPK8,0.999,Q Fever Hepatitis
MAPK8,MAP2K7,0.996,Q Fever Hepatitis
MAPK8,MAP2K4,0.999,Q Fever Hepatitis
MAPK8,MAPK9,0.999,Q Fever Hepatitis
MAP2K7,MAP2K4,0.956,Q Fever Hepatitis
MAP2K7,MAPK9,0.976,Q Fever Hepatitis
MAPK9,MAP2K4,0.999,Q Fever Hepatitis
CEACAM1,BAG6,0.435,Syphilitic Hepatitis
CEACAM1,CD274,0.508,Syphilitic Hepatitis
CEACAM1,CADM1,0.621,Syphilitic Hepatitis
CEACAM1,HMGB1,0.68,Syphilitic Hepatitis
CEACAM1,LGALS9B,0.796,Syphilitic Hepatitis
CEACAM1,LGALS9C,0.8,Syphilitic Hepatitis
CEACAM1,LGALS9,0.817,Syphilitic Hepatitis
CEACAM1,HAVCR2,0.995,Syphilitic Hepatitis
CD80,HMGB1,0.533,Syphilitic Hepatitis
CD80,LGALS9B,0.584,Syphilitic Hepatitis
CD80,LGALS9C,0.592,Syphilitic Hepatitis
CD80,HAVCR2,0.972,Syphilitic Hepatitis
HAVCR2,BAG6,0.941,Syphilitic Hepatitis
HAVCR2,CD86,0.971,Syphilitic Hepatitis
HAVCR2,CADM1,0.988,Syphilitic Hepatitis
HAVCR2,HMGB1,0.991,Syphilitic Hepatitis
HAVCR2,LGALS9B,0.998,Syphilitic Hepatitis
HAVCR2,CD274,0.998,Syphilitic Hepatitis
HAVCR2,LGALS9C,0.998,Syphilitic Hepatitis
HAVCR2,LGALS9,0.999,Syphilitic Hepatitis
LGALS9B,BAG6,0.452,Syphilitic Hepatitis
LGALS9B,CADM1,0.57,Syphilitic Hepatitis
LGALS9B,CD86,0.578,Syphilitic Hepatitis
LGALS9B,HMGB1,0.658,Syphilitic Hepatitis
LGALS9B,LGALS9,0.764,Syphilitic Hepatitis
LGALS9B,CD274,0.875,Syphilitic Hepatitis
CADM1,LGALS9C,0.571,Syphilitic Hepatitis
CADM1,LGALS9,0.571,Syphilitic Hepatitis
LGALS9C,BAG6,0.455,Syphilitic Hepatitis
LGALS9C,CD86,0.583,Syphilitic Hepatitis
LGALS9C,HMGB1,0.657,Syphilitic Hepatitis
LGALS9C,LGALS9,0.78,Syphilitic Hepatitis
LGALS9C,CD274,0.875,Syphilitic Hepatitis
CD86,HMGB1,0.548,Syphilitic Hepatitis
HMGB1,LGALS9,0.507,Syphilitic Hepatitis
HMGB1,CD274,0.549,Syphilitic Hepatitis
BAG6,LGALS9,0.441,Syphilitic Hepatitis
CCL2,IL4,0.921,Autoimmune Hepatitis
CCL2,ACKR1,0.994,Autoimmune Hepatitis
CCL2,CXCR1,0.996,Autoimmune Hepatitis
CCL2,CXCR2,0.997,Autoimmune Hepatitis
CCL2,CXCR3,0.998,Autoimmune Hepatitis
CCL2,PF4,0.998,Autoimmune Hepatitis
CCL2,CXCL8,0.999,Autoimmune Hepatitis
CCL2,CCR2,0.999,Autoimmune Hepatitis
IL4,CXCR1,0.448,Autoimmune Hepatitis
IL4,PF4,0.459,Autoimmune Hepatitis
IL4,CCL8,0.509,Autoimmune Hepatitis
IL4,CXCR2,0.547,Autoimmune Hepatitis
IL4,CCR2,0.677,Autoimmune Hepatitis
IL4,CCR1,0.688,Autoimmune Hepatitis
IL4,CXCR3,0.785,Autoimmune Hepatitis
IL4,CXCL8,0.997,Autoimmune Hepatitis
CCR2,ACKR1,0.653,Autoimmune Hepatitis
CCR2,PF4,0.82,Autoimmune Hepatitis
CCR2,CXCR2,0.929,Autoimmune Hepatitis
CCR2,CXCR1,0.963,Autoimmune Hepatitis
CCR2,CXCR3,0.97,Autoimmune Hepatitis
CCR2,CCR1,0.992,Autoimmune Hepatitis
CCR2,CXCL8,0.998,Autoimmune Hepatitis
CCR2,CCL8,0.999,Autoimmune Hepatitis
CXCR1,ACKR1,0.714,Autoimmune Hepatitis
CXCR1,CCL8,0.799,Autoimmune Hepatitis
CXCR1,PF4,0.876,Autoimmune Hepatitis
CXCR1,CXCR3,0.943,Autoimmune Hepatitis
CXCR1,CCR1,0.945,Autoimmune Hepatitis
CXCR1,CXCL8,0.999,Autoimmune Hepatitis
CXCR1,CXCR2,0.999,Autoimmune Hepatitis
PF4,CCL8,0.607,Autoimmune Hepatitis
PF4,ACKR1,0.62,Autoimmune Hepatitis
PF4,CCR1,0.895,Autoimmune Hepatitis
PF4,CXCR2,0.939,Autoimmune Hepatitis
PF4,CXCL8,0.999,Autoimmune Hepatitis
PF4,CXCR3,0.999,Autoimmune Hepatitis
CCR1,ACKR1,0.615,Autoimmune Hepatitis
CCR1,CXCR2,0.866,Autoimmune Hepatitis
CCR1,CXCR3,0.966,Autoimmune Hepatitis
CCR1,CXCL8,0.997,Autoimmune Hepatitis
CXCL8,CXCR3,0.997,Autoimmune Hepatitis
CXCL8,CCL8,0.998,Autoimmune Hepatitis
CXCL8,CXCR2,0.999,Autoimmune Hepatitis
CXCL8,ACKR1,0.999,Autoimmune Hepatitis
CXCR2,ACKR1,0.516,Autoimmune Hepatitis
CXCR2,CXCR3,0.86,Autoimmune Hepatitis
CXCR2,CCL8,0.942,Autoimmune Hepatitis
ACKR1,CCL8,0.542,Autoimmune Hepatitis
CXCR3,CCL8,0.955,Autoimmune Hepatitis
IL2,IL13RA1,0.762,Primary Biliary Cholangitis
IL2,STAT6,0.826,Primary Biliary Cholangitis
IL2,IL4R,0.932,Primary Biliary Cholangitis
IL2,CXCL8,0.985,Primary Biliary Cholangitis
IL2,IL7,0.997,Primary Biliary Cholangitis
IL2,IL2RG,0.999,Primary Biliary Cholangitis
IL2,JAK3,0.999,Primary Biliary Cholangitis
IL4,STAT6,0.997,Primary Biliary Cholangitis
IL4,JAK3,0.998,Primary Biliary Cholangitis
IL4,IL7,0.998,Primary Biliary Cholangitis
IL4,IL2RG,0.999,Primary Biliary Cholangitis
IL4,IL4R,0.999,Primary Biliary Cholangitis
IL4,IL13RA1,0.999,Primary Biliary Cholangitis
IL1B,JAK3,0.526,Primary Biliary Cholangitis
IL1B,IL2RG,0.608,Primary Biliary Cholangitis
IL1B,IL13RA1,0.613,Primary Biliary Cholangitis
IL1B,STAT6,0.694,Primary Biliary Cholangitis
IL1B,IL4R,0.746,Primary Biliary Cholangitis
IL1B,IL7,0.909,Primary Biliary Cholangitis
IL1B,CXCL8,0.994,Primary Biliary Cholangitis
IL7,STAT6,0.495,Primary Biliary Cholangitis
IL7,IL13RA1,0.831,Primary Biliary Cholangitis
IL7,CXCL8,0.856,Primary Biliary Cholangitis
IL7,IL4R,0.943,Primary Biliary Cholangitis
IL7,JAK1,0.965,Primary Biliary Cholangitis
IL7,JAK3,0.997,Primary Biliary Cholangitis
IL7,IL2RG,0.999,Primary Biliary Cholangitis
STAT6,CXCL8,0.495,Primary Biliary Cholangitis
STAT6,IL13RA1,0.953,Primary Biliary Cholangitis
STAT6,IL2RG,0.969,Primary Biliary Cholangitis
STAT6,JAK3,0.99,Primary Biliary Cholangitis
STAT6,JAK1,0.996,Primary Biliary Cholangitis
STAT6,IL4R,0.999,Primary Biliary Cholangitis
CXCL8,IL13RA1,0.547,Primary Biliary Cholangitis
CXCL8,IL4R,0.659,Primary Biliary Cholangitis
CXCL8,JAK1,0.687,Primary Biliary Cholangitis
IL13RA1,IL2RG,0.765,Primary Biliary Cholangitis
IL13RA1,JAK3,0.897,Primary Biliary Cholangitis
IL13RA1,JAK1,0.973,Primary Biliary Cholangitis
IL13RA1,IL4R,0.999,Primary Biliary Cholangitis
IL2RG,IL4R,0.999,Primary Biliary Cholangitis
IL2RG,JAK3,0.999,Primary Biliary Cholangitis
IL2RG,JAK1,0.999,Primary Biliary Cholangitis
IL4R,JAK3,0.988,Primary Biliary Cholangitis
IL4R,JAK1,0.999,Primary Biliary Cholangitis
JAK3,JAK1,0.999,Primary Biliary Cholangitis
FCN3,PRSS2,0.573,Primary Sclerosing Cholangitis
FCN3,PTX3,0.584,Primary Sclerosing Cholangitis
FCN3,SERPING1,0.609,Primary Sclerosing Cholangitis
FCN3,CALR,0.674,Primary Sclerosing Cholangitis
FCN3,C4B,0.747,Primary Sclerosing Cholangitis
FCN3,C4A,0.767,Primary Sclerosing Cholangitis
FCN3,FCN2,0.97,Primary Sclerosing Cholangitis
FCN3,MBL2,0.988,Primary Sclerosing Cholangitis
FCN3,MASP2,0.993,Primary Sclerosing Cholangitis
FCN3,MASP1,0.999,Primary Sclerosing Cholangitis
SERPING1,FCN2,0.671,Primary Sclerosing Cholangitis
SERPING1,C4B,0.756,Primary Sclerosing Cholangitis
SERPING1,C4A,0.879,Primary Sclerosing Cholangitis
SERPING1,MBL2,0.979,Primary Sclerosing Cholangitis
SERPING1,MASP1,0.99,Primary Sclerosing Cholangitis
SERPING1,MASP2,0.999,Primary Sclerosing Cholangitis
FCN2,PRSS2,0.626,Primary Sclerosing Cholangitis
FCN2,C4B,0.772,Primary Sclerosing Cholangitis
FCN2,C4A,0.791,Primary Sclerosing Cholangitis
FCN2,CALR,0.912,Primary Sclerosing Cholangitis
FCN2,PTX3,0.954,Primary Sclerosing Cholangitis
FCN2,MBL2,0.998,Primary Sclerosing Cholangitis
FCN2,MASP1,0.999,Primary Sclerosing Cholangitis
FCN2,MASP2,0.999,Primary Sclerosing Cholangitis
PTX3,C4B,0.584,Primary Sclerosing Cholangitis
PTX3,C4A,0.608,Primary Sclerosing Cholangitis
PTX3,MBL2,0.972,Primary Sclerosing Cholangitis
MASP1,C4B,0.935,Primary Sclerosing Cholangitis
MASP1,C4A,0.942,Primary Sclerosing Cholangitis
MASP1,MASP2,0.986,Primary Sclerosing Cholangitis
MASP1,MBL2,0.998,Primary Sclerosing Cholangitis
CALR,MBL2,0.986,Primary Sclerosing Cholangitis
MBL2,C4B,0.97,Primary Sclerosing Cholangitis
MBL2,C4A,0.981,Primary Sclerosing Cholangitis
MBL2,PRSS2,0.991,Primary Sclerosing Cholangitis
MBL2,MASP2,0.999,Primary Sclerosing Cholangitis
MASP2,C4B,0.994,Primary Sclerosing Cholangitis
MASP2,C4A,0.997,Primary Sclerosing Cholangitis
C4A,C4B,0.999,Primary Sclerosing Cholangitis
BIRC7,APAF1,0.501,IgG4-Related Sclerosing Cholangitis
BIRC7,CASP8,0.583,IgG4-Related Sclerosing Cholangitis
BIRC7,CYCS,0.618,IgG4-Related Sclerosing Cholangitis
BIRC7,XIAP,0.817,IgG4-Related Sclerosing Cholangitis
BIRC7,BIRC2,0.85,IgG4-Related Sclerosing Cholangitis
BIRC7,CASP3,0.992,IgG4-Related Sclerosing Cholangitis
BIRC7,CASP9,0.998,IgG4-Related Sclerosing Cholangitis
BIRC3,PARP1,0.524,IgG4-Related Sclerosing Cholangitis
BIRC3,APAF1,0.568,IgG4-Related Sclerosing Cholangitis
BIRC3,CYCS,0.616,IgG4-Related Sclerosing Cholangitis
BIRC3,CASP8,0.922,IgG4-Related Sclerosing Cholangitis
BIRC3,XIAP,0.994,IgG4-Related Sclerosing Cholangitis
BIRC3,CASP9,0.996,IgG4-Related Sclerosing Cholangitis
BIRC3,BIRC2,0.996,IgG4-Related Sclerosing Cholangitis
BIRC3,CASP3,0.997,IgG4-Related Sclerosing Cholangitis
CYCS,BIRC2,0.631,IgG4-Related Sclerosing Cholangitis
CYCS,CDKN1A,0.799,IgG4-Related Sclerosing Cholangitis
CYCS,PARP1,0.892,IgG4-Related Sclerosing Cholangitis
CYCS,XIAP,0.935,IgG4-Related Sclerosing Cholangitis
CYCS,CASP8,0.952,IgG4-Related Sclerosing Cholangitis
CYCS,CASP3,0.997,IgG4-Related Sclerosing Cholangitis
CYCS,APAF1,0.999,IgG4-Related Sclerosing Cholangitis
CYCS,CASP9,0.999,IgG4-Related Sclerosing Cholangitis
CASP3,CDKN1A,0.996,IgG4-Related Sclerosing Cholangitis
CASP3,BIRC2,0.997,IgG4-Related Sclerosing Cholangitis
CASP3,CASP8,0.999,IgG4-Related Sclerosing Cholangitis
CASP3,XIAP,0.999,IgG4-Related Sclerosing Cholangitis
CASP3,PARP1,0.999,IgG4-Related Sclerosing Cholangitis
CASP3,CASP9,0.999,IgG4-Related Sclerosing Cholangitis
CASP3,APAF1,0.999,IgG4-Related Sclerosing Cholangitis
CASP9,CDKN1A,0.713,IgG4-Related Sclerosing Cholangitis
CASP9,CASP8,0.944,IgG4-Related Sclerosing Cholangitis
CASP9,PARP1,0.991,IgG4-Related Sclerosing Cholangitis
CASP9,XIAP,0.999,IgG4-Related Sclerosing Cholangitis
CASP9,BIRC2,0.999,IgG4-Related Sclerosing Cholangitis
CASP9,APAF1,0.999,IgG4-Related Sclerosing Cholangitis
CASP8,CDKN1A,0.621,IgG4-Related Sclerosing Cholangitis
CASP8,PARP1,0.873,IgG4-Related Sclerosing Cholangitis
CASP8,XIAP,0.97,IgG4-Related Sclerosing Cholangitis
CASP8,APAF1,0.97,IgG4-Related Sclerosing Cholangitis
CASP8,BIRC2,0.971,IgG4-Related Sclerosing Cholangitis
PARP1,BIRC2,0.586,IgG4-Related Sclerosing Cholangitis
PARP1,XIAP,0.718,IgG4-Related Sclerosing Cholangitis
PARP1,APAF1,0.745,IgG4-Related Sclerosing Cholangitis
PARP1,CDKN1A,0.856,IgG4-Related Sclerosing Cholangitis
XIAP,CDKN1A,0.478,IgG4-Related Sclerosing Cholangitis
XIAP,APAF1,0.977,IgG4-Related Sclerosing Cholangitis
XIAP,BIRC2,0.996,IgG4-Related Sclerosing Cholangitis
CDKN1A,APAF1,0.476,IgG4-Related Sclerosing Cholangitis
APAF1,BIRC2,0.66,IgG4-Related Sclerosing Cholangitis
BIRC7,CASP7,0.993,Hemochromatosis
BIRC3,ACTB,0.462,Hemochromatosis
BIRC3,CASP10,0.596,Hemochromatosis
BIRC3,CASP7,0.989,Hemochromatosis
CASP10,BIRC2,0.659,Hemochromatosis
CASP10,CASP9,0.719,Hemochromatosis
CASP10,PARP1,0.809,Hemochromatosis
CASP10,XIAP,0.886,Hemochromatosis
CASP10,CASP7,0.968,Hemochromatosis
CASP10,CASP8,0.999,Hemochromatosis
HSPA5,XIAP,0.426,Hemochromatosis
HSPA5,PARP1,0.582,Hemochromatosis
HSPA5,CASP8,0.673,Hemochromatosis
HSPA5,CASP9,0.687,Hemochromatosis
HSPA5,ACTB,0.808,Hemochromatosis
HSPA5,CASP7,0.966,Hemochromatosis
CASP9,ACTB,0.819,Hemochromatosis
CASP9,CASP7,0.952,Hemochromatosis
CASP8,ACTB,0.779,Hemochromatosis
CASP8,CASP7,0.992,Hemochromatosis
PARP1,ACTB,0.794,Hemochromatosis
PARP1,CASP7,0.995,Hemochromatosis
CASP7,ACTB,0.967,Hemochromatosis
CASP7,BIRC2,0.997,Hemochromatosis
CASP7,XIAP,0.999,Hemochromatosis
XIAP,ACTB,0.632,Hemochromatosis
BIRC2,ACTB,0.52,Hemochromatosis
IGFBP2,IGFBP4,0.503,Alpha-1 Antitrypsin Deficiency
IGFBP2,IGFBP6,0.528,Alpha-1 Antitrypsin Deficiency
IGFBP2,IGFBP1,0.657,Alpha-1 Antitrypsin Deficiency
IGFBP2,IGFALS,0.806,Alpha-1 Antitrypsin Deficiency
IGFBP2,IGF1R,0.81,Alpha-1 Antitrypsin Deficiency
IGFBP2,IGFBP3,0.836,Alpha-1 Antitrypsin Deficiency
IGFBP2,INS,0.982,Alpha-1 Antitrypsin Deficiency
IGFBP2,IGF1,0.999,Alpha-1 Antitrypsin Deficiency
IGFBP5,IGFBP1,0.505,Alpha-1 Antitrypsin Deficiency
IGFBP5,INSR,0.588,Alpha-1 Antitrypsin Deficiency
IGFBP5,INS,0.699,Alpha-1 Antitrypsin Deficiency
IGFBP5,IGFBP6,0.725,Alpha-1 Antitrypsin Deficiency
IGFBP5,IGF1R,0.802,Alpha-1 Antitrypsin Deficiency
IGFBP5,IGFBP3,0.978,Alpha-1 Antitrypsin Deficiency
IGFBP5,IGFALS,0.995,Alpha-1 Antitrypsin Deficiency
IGFBP5,IGF1,0.999,Alpha-1 Antitrypsin Deficiency
IGFBP4,IGFBP6,0.416,Alpha-1 Antitrypsin Deficiency
IGFBP4,IGFBP3,0.497,Alpha-1 Antitrypsin Deficiency
IGFBP4,IGF1R,0.604,Alpha-1 Antitrypsin Deficiency
IGFBP4,INS,0.664,Alpha-1 Antitrypsin Deficiency
IGFBP4,IGFALS,0.676,Alpha-1 Antitrypsin Deficiency
IGFBP4,IGFBP1,0.972,Alpha-1 Antitrypsin Deficiency
IGFBP4,IGF1,0.999,Alpha-1 Antitrypsin Deficiency
IGFBP1,INSR,0.453,Alpha-1 Antitrypsin Deficiency
IGFBP1,IGFALS,0.698,Alpha-1 Antitrypsin Deficiency
IGFBP1,IGFBP3,0.736,Alpha-1 Antitrypsin Deficiency
IGFBP1,IGF1R,0.886,Alpha-1 Antitrypsin Deficiency
IGFBP1,IGFBP6,0.956,Alpha-1 Antitrypsin Deficiency
IGFBP1,INS,0.994,Alpha-1 Antitrypsin Deficiency
IGFBP1,IGF1,0.999,Alpha-1 Antitrypsin Deficiency
IGFBP6,IGF1R,0.741,Alpha-1 Antitrypsin Deficiency
IGFBP6,INS,0.756,Alpha-1 Antitrypsin Deficiency
IGFBP6,IGFBP3,0.777,Alpha-1 Antitrypsin Deficiency
IGFBP6,IGFALS,0.897,Alpha-1 Antitrypsin Deficiency
IGFBP6,IGF1,0.999,Alpha-1 Antitrypsin Deficiency
INSR,IGFBP3,0.45,Alpha-1 Antitrypsin Deficiency
INSR,IGFALS,0.498,Alpha-1 Antitrypsin Deficiency
INSR,IGF1R,0.997,Alpha-1 Antitrypsin Deficiency
INSR,INS,0.999,Alpha-1 Antitrypsin Deficiency
INSR,IGF1,0.999,Alpha-1 Antitrypsin Deficiency
IGFBP3,IGF1R,0.96,Alpha-1 Antitrypsin Deficiency
IGFBP3,INS,0.995,Alpha-1 Antitrypsin Deficiency
IGFBP3,IGFALS,0.999,Alpha-1 Antitrypsin Deficiency
IGFBP3,IGF1,0.999,Alpha-1 Antitrypsin Deficiency
IGF1,IGF1R,0.999,Alpha-1 Antitrypsin Deficiency
IGF1,INS,0.999,Alpha-1 Antitrypsin Deficiency
IGF1,IGFALS,0.999,Alpha-1 Antitrypsin Deficiency
INS,IGFALS,0.42,Alpha-1 Antitrypsin Deficiency
INS,IGF1R,0.999,Alpha-1 Antitrypsin Deficiency
IGFALS,IGF1R,0.485,Alpha-1 Antitrypsin Deficiency
AGRP,CNTF,0.509,Alcoholic Fatty Liver Disease
AGRP,GCG,0.672,Alcoholic Fatty Liver Disease
AGRP,ADIPOQ,0.733,Alcoholic Fatty Liver Disease
AGRP,LEPR,0.881,Alcoholic Fatty Liver Disease
AGRP,INS,0.935,Alcoholic Fatty Liver Disease
AGRP,LEP,0.975,Alcoholic Fatty Liver Disease
AGRP,NPY,0.976,Alcoholic Fatty Liver Disease
AGRP,POMC,0.977,Alcoholic Fatty Liver Disease
AGRP,GHRL,0.978,Alcoholic Fatty Liver Disease
PRL,ADIPOQ,0.507,Alcoholic Fatty Liver Disease
PRL,NPY,0.55,Alcoholic Fatty Liver Disease
PRL,GHRL,0.615,Alcoholic Fatty Liver Disease
PRL,GCG,0.726,Alcoholic Fatty Liver Disease
PRL,LEPR,0.85,Alcoholic Fatty Liver Disease
PRL,CNTF,0.926,Alcoholic Fatty Liver Disease
PRL,INS,0.962,Alcoholic Fatty Liver Disease
PRL,POMC,0.971,Alcoholic Fatty Liver Disease
PRL,LEP,0.985,Alcoholic Fatty Liver Disease
LEP,CNTF,0.967,Alcoholic Fatty Liver Disease
LEP,GCG,0.976,Alcoholic Fatty Liver Disease
LEP,INS,0.985,Alcoholic Fatty Liver Disease
LEP,POMC,0.992,Alcoholic Fatty Liver Disease
LEP,ADIPOQ,0.994,Alcoholic Fatty Liver Disease
LEP,GHRL,0.994,Alcoholic Fatty Liver Disease
LEP,NPY,0.996,Alcoholic Fatty Liver Disease
LEP,LEPR,0.999,Alcoholic Fatty Liver Disease
LEPR,GHRL,0.696,Alcoholic Fatty Liver Disease
LEPR,GCG,0.733,Alcoholic Fatty Liver Disease
LEPR,NPY,0.862,Alcoholic Fatty Liver Disease
LEPR,CNTF,0.863,Alcoholic Fatty Liver Disease
LEPR,ADIPOQ,0.868,Alcoholic Fatty Liver Disease
LEPR,INS,0.886,Alcoholic Fatty Liver Disease
LEPR,POMC,0.917,Alcoholic Fatty Liver Disease
GHRL,ADIPOQ,0.844,Alcoholic Fatty Liver Disease
GHRL,POMC,0.933,Alcoholic Fatty Liver Disease
GHRL,GCG,0.979,Alcoholic Fatty Liver Disease
GHRL,NPY,0.983,Alcoholic Fatty Liver Disease
GHRL,INS,0.983,Alcoholic Fatty Liver Disease
CNTF,INS,0.586,Alcoholic Fatty Liver Disease
CNTF,NPY,0.615,Alcoholic Fatty Liver Disease
INS,NPY,0.918,Alcoholic Fatty Liver Disease
INS,POMC,0.947,Alcoholic Fatty Liver Disease
INS,ADIPOQ,0.961,Alcoholic Fatty Liver Disease
INS,GCG,0.998,Alcoholic Fatty Liver Disease
POMC,ADIPOQ,0.609,Alcoholic Fatty Liver Disease
POMC,GCG,0.922,Alcoholic Fatty Liver Disease
POMC,NPY,0.986,Alcoholic Fatty Liver Disease
NPY,ADIPOQ,0.596,Alcoholic Fatty Liver Disease
NPY,GCG,0.787,Alcoholic Fatty Liver Disease
GCG,ADIPOQ,0.767,Alcoholic Fatty Liver Disease
TIMP1,TIMP4,0.576,Alcoholic Hepatitis
TIMP1,TIMP2,0.582,Alcoholic Hepatitis
TIMP1,TIMP3,0.689,Alcoholic Hepatitis
TIMP1,THBS1,0.762,Alcoholic Hepatitis
TIMP1,TGFB1,0.882,Alcoholic Hepatitis
TIMP1,CD44,0.922,Alcoholic Hepatitis
TIMP1,MMP7,0.925,Alcoholic Hepatitis
TIMP1,MMP2,0.997,Alcoholic Hepatitis
TIMP1,MMP14,0.999,Alcoholic Hepatitis
MMP2,MMP7,0.961,Alcoholic Hepatitis
MMP2,TGFB1,0.962,Alcoholic Hepatitis
MMP2,TIMP4,0.963,Alcoholic Hepatitis
MMP2,CD44,0.971,Alcoholic Hepatitis
MMP2,SRC,0.972,Alcoholic Hepatitis
MMP2,THBS1,0.985,Alcoholic Hepatitis
MMP2,TIMP3,0.996,Alcoholic Hepatitis
MMP2,MMP14,0.997,Alcoholic Hepatitis
MMP2,TIMP2,0.999,Alcoholic Hepatitis
TGFB1,TIMP4,0.417,Alcoholic Hepatitis
TGFB1,MMP7,0.571,Alcoholic Hepatitis
TGFB1,MMP14,0.601,Alcoholic Hepatitis
TGFB1,TIMP3,0.743,Alcoholic Hepatitis
TGFB1,CD44,0.747,Alcoholic Hepatitis
TGFB1,SRC,0.787,Alcoholic Hepatitis
TGFB1,TIMP2,0.79,Alcoholic Hepatitis
TGFB1,THBS1,0.985,Alcoholic Hepatitis
MMP7,SRC,0.441,Alcoholic Hepatitis
MMP7,THBS1,0.603,Alcoholic Hepatitis
MMP7,TIMP4,0.718,Alcoholic Hepatitis
MMP7,TIMP3,0.922,Alcoholic Hepatitis
MMP7,TIMP2,0.951,Alcoholic Hepatitis
MMP7,CD44,0.973,Alcoholic Hepatitis
THBS1,MMP14,0.493,Alcoholic Hepatitis
THBS1,TIMP2,0.511,Alcoholic Hepatitis
THBS1,SRC,0.516,Alcoholic Hepatitis
THBS1,TIMP3,0.63,Alcoholic Hepatitis
THBS1,CD44,0.767,Alcoholic Hepatitis
TIMP2,CD44,0.465,Alcoholic Hepatitis
TIMP2,SRC,0.595,Alcoholic Hepatitis
TIMP2,TIMP4,0.709,Alcoholic Hepatitis
TIMP2,TIMP3,0.923,Alcoholic Hepatitis
TIMP2,MMP14,0.999,Alcoholic Hepatitis
TIMP3,CD44,0.403,Alcoholic Hepatitis
TIMP3,TIMP4,0.648,Alcoholic Hepatitis
TIMP3,MMP14,0.93,Alcoholic Hepatitis
TIMP4,MMP14,0.885,Alcoholic Hepatitis
MMP14,SRC,0.742,Alcoholic Hepatitis
MMP14,CD44,0.919,Alcoholic Hepatitis
SRC,CD44,0.972,Alcoholic Hepatitis
SIRT1,RRP8,0.996,Alcoholic Cirrhosis
SIRT1,ARNTL,0.997,Alcoholic Cirrhosis
SIRT1,PPARG,0.998,Alcoholic Cirrhosis
SIRT1,FOXO3,0.999,Alcoholic Cirrhosis
SIRT1,CLOCK,0.999,Alcoholic Cirrhosis
SIRT1,PPARGC1A,0.999,Alcoholic Cirrhosis
SIRT1,SUV39H1,0.999,Alcoholic Cirrhosis
SIRT1,CCAR2,0.999,Alcoholic Cirrhosis
SIRT1,FOXO1,0.999,Alcoholic Cirrhosis
RRP8,SUV39H1,0.996,Alcoholic Cirrhosis
PPARGC1A,CLOCK,0.717,Alcoholic Cirrhosis
PPARGC1A,ARNTL,0.785,Alcoholic Cirrhosis
PPARGC1A,TP53,0.887,Alcoholic Cirrhosis
PPARGC1A,FOXO3,0.987,Alcoholic Cirrhosis
PPARGC1A,PPARG,0.999,Alcoholic Cirrhosis
PPARGC1A,FOXO1,0.999,Alcoholic Cirrhosis
TP53,ARNTL,0.446,Alcoholic Cirrhosis
TP53,SUV39H1,0.573,Alcoholic Cirrhosis
TP53,CCAR2,0.726,Alcoholic Cirrhosis
TP53,FOXO1,0.886,Alcoholic Cirrhosis
TP53,PPARG,0.949,Alcoholic Cirrhosis
TP53,FOXO3,0.998,Alcoholic Cirrhosis
PPARG,CLOCK,0.508,Alcoholic Cirrhosis
PPARG,SUV39H1,0.514,Alcoholic Cirrhosis
PPARG,FOXO3,0.582,Alcoholic Cirrhosis
PPARG,ARNTL,0.59,Alcoholic Cirrhosis
PPARG,FOXO1,0.856,Alcoholic Cirrhosis
CCAR2,SUV39H1,0.625,Alcoholic Cirrhosis
FOXO3,ARNTL,0.529,Alcoholic Cirrhosis
FOXO3,FOXO1,0.955,Alcoholic Cirrhosis
FOXO1,ARNTL,0.41,Alcoholic Cirrhosis
ARNTL,CLOCK,0.999,Alcoholic Cirrhosis
IRAK2,TLR8,0.519,Non-Alcoholic Fatty Liver Disease
IRAK2,MAP3K7,0.636,Non-Alcoholic Fatty Liver Disease
IRAK2,LY96,0.702,Non-Alcoholic Fatty Liver Disease
IRAK2,IL1B,0.77,Non-Alcoholic Fatty Liver Disease
IRAK2,TLR2,0.793,Non-Alcoholic Fatty Liver Disease
IRAK2,TLR9,0.846,Non-Alcoholic Fatty Liver Disease
IRAK2,TLR3,0.883,Non-Alcoholic Fatty Liver Disease
IRAK2,TLR4,0.935,Non-Alcoholic Fatty Liver Disease
IRAK2,IRAK1,0.999,Non-Alcoholic Fatty Liver Disease
IRAK2,MYD88,0.999,Non-Alcoholic Fatty Liver Disease
TLR2,MAP3K7,0.463,Non-Alcoholic Fatty Liver Disease
TLR2,TLR3,0.854,Non-Alcoholic Fatty Liver Disease
TLR2,TLR8,0.893,Non-Alcoholic Fatty Liver Disease
TLR2,TLR9,0.961,Non-Alcoholic Fatty Liver Disease
TLR2,IRAK1,0.962,Non-Alcoholic Fatty Liver Disease
TLR2,IL1B,0.969,Non-Alcoholic Fatty Liver Disease
TLR2,LY96,0.997,Non-Alcoholic Fatty Liver Disease
TLR2,MYD88,0.999,Non-Alcoholic Fatty Liver Disease
TLR2,TLR4,0.999,Non-Alcoholic Fatty Liver Disease
IL1B,MAP3K7,0.683,Non-Alcoholic Fatty Liver Disease
IL1B,LY96,0.723,Non-Alcoholic Fatty Liver Disease
IL1B,TLR8,0.746,Non-Alcoholic Fatty Liver Disease
IL1B,TLR3,0.871,Non-Alcoholic Fatty Liver Disease
IL1B,TLR9,0.975,Non-Alcoholic Fatty Liver Disease
IL1B,TLR4,0.986,Non-Alcoholic Fatty Liver Disease
IL1B,IRAK1,0.991,Non-Alcoholic Fatty Liver Disease
IL1B,MYD88,0.999,Non-Alcoholic Fatty Liver Disease
LY96,TLR8,0.69,Non-Alcoholic Fatty Liver Disease
LY96,TLR3,0.705,Non-Alcoholic Fatty Liver Disease
LY96,MAP3K7,0.707,Non-Alcoholic Fatty Liver Disease
LY96,TLR9,0.808,Non-Alcoholic Fatty Liver Disease
LY96,IRAK1,0.861,Non-Alcoholic Fatty Liver Disease
LY96,MYD88,0.999,Non-Alcoholic Fatty Liver Disease
LY96,TLR4,0.999,Non-Alcoholic Fatty Liver Disease
TLR3,TLR9,0.856,Non-Alcoholic Fatty Liver Disease
TLR3,TLR4,0.907,Non-Alcoholic Fatty Liver Disease
TLR3,IRAK1,0.917,Non-Alcoholic Fatty Liver Disease
TLR3,TLR8,0.939,Non-Alcoholic Fatty Liver Disease
TLR3,MAP3K7,0.992,Non-Alcoholic Fatty Liver Disease
TLR3,MYD88,0.999,Non-Alcoholic Fatty Liver Disease
TLR8,MAP3K7,0.52,Non-Alcoholic Fatty Liver Disease
TLR8,TLR4,0.712,Non-Alcoholic Fatty Liver Disease
TLR8,IRAK1,0.852,Non-Alcoholic Fatty Liver Disease
TLR8,TLR9,0.869,Non-Alcoholic Fatty Liver Disease
TLR8,MYD88,0.999,Non-Alcoholic Fatty Liver Disease
TLR9,TLR4,0.979,Non-Alcoholic Fatty Liver Disease
TLR9,IRAK1,0.988,Non-Alcoholic Fatty Liver Disease
TLR9,MYD88,0.999,Non-Alcoholic Fatty Liver Disease
MAP3K7,TLR4,0.972,Non-Alcoholic Fatty Liver Disease
MAP3K7,IRAK1,0.987,Non-Alcoholic Fatty Liver Disease
MAP3K7,MYD88,0.999,Non-Alcoholic Fatty Liver Disease
IRAK1,TLR4,0.998,Non-Alcoholic Fatty Liver Disease
IRAK1,MYD88,0.999,Non-Alcoholic Fatty Liver Disease
TLR4,MYD88,0.999,Non-Alcoholic Fatty Liver Disease
CCL2,CXCL11,0.796,Non-Alcoholic Steatohepatitis
CCL2,CXCL12,0.841,Non-Alcoholic Steatohepatitis
CCL2,CCL13,0.842,Non-Alcoholic Steatohepatitis
CCL2,CCL11,0.998,Non-Alcoholic Steatohepatitis
CCL2,CXCL9,0.999,Non-Alcoholic Steatohepatitis
CCL13,CXCR3,0.903,Non-Alcoholic Steatohepatitis
CCL13,CCL11,0.996,Non-Alcoholic Steatohepatitis
CCL13,PF4,0.997,Non-Alcoholic Steatohepatitis
CCL13,CXCL12,0.998,Non-Alcoholic Steatohepatitis
CCL13,CCL21,0.998,Non-Alcoholic Steatohepatitis
CCL13,CCL5,0.998,Non-Alcoholic Steatohepatitis
CCL13,CXCL11,0.999,Non-Alcoholic Steatohepatitis
CCL13,CXCL9,0.999,Non-Alcoholic Steatohepatitis
CCL13,CXCL10,0.999,Non-Alcoholic Steatohepatitis
CCL21,CCL11,0.661,Non-Alcoholic Steatohepatitis
CCL21,CXCR3,0.997,Non-Alcoholic Steatohepatitis
CCL21,PF4,0.998,Non-Alcoholic Steatohepatitis
CCL21,CXCL12,0.999,Non-Alcoholic Steatohepatitis
CCL21,CCL5,0.999,Non-Alcoholic Steatohepatitis
CCL21,CXCL11,0.999,Non-Alcoholic Steatohepatitis
CCL21,CXCL10,0.999,Non-Alcoholic Steatohepatitis
CCL21,CXCL9,0.999,Non-Alcoholic Steatohepatitis
PF4,CCL11,0.997,Non-Alcoholic Steatohepatitis
PF4,CXCL12,0.999,Non-Alcoholic Steatohepatitis
PF4,CCL5,0.999,Non-Alcoholic Steatohepatitis
PF4,CXCL11,0.999,Non-Alcoholic Steatohepatitis
PF4,CXCL10,0.999,Non-Alcoholic Steatohepatitis
PF4,CXCL9,0.999,Non-Alcoholic Steatohepatitis
CCL11,CXCR3,0.989,Non-Alcoholic Steatohepatitis
CCL11,CCL5,0.995,Non-Alcoholic Steatohepatitis
CCL11,CXCL11,0.998,Non-Alcoholic Steatohepatitis
CCL11,CXCL12,0.998,Non-Alcoholic Steatohepatitis
CCL11,CXCL10,0.999,Non-Alcoholic Steatohepatitis
CCL11,CXCL9,0.999,Non-Alcoholic Steatohepatitis
CXCL10,CXCL12,0.999,Non-Alcoholic Steatohepatitis
CXCL10,CXCR3,0.999,Non-Alcoholic Steatohepatitis
CXCL10,CXCL9,0.999,Non-Alcoholic Steatohepatitis
CXCL10,CXCL11,0.999,Non-Alcoholic Steatohepatitis
CXCL11,CXCL12,0.999,Non-Alcoholic Steatohepatitis
CXCL11,CCL5,0.999,Non-Alcoholic Steatohepatitis
CXCL11,CXCL9,0.999,Non-Alcoholic Steatohepatitis
CXCL11,CXCR3,0.999,Non-Alcoholic Steatohepatitis
CXCL9,CXCR3,0.999,Non-Alcoholic Steatohepatitis
CXCL9,CXCL12,0.999,Non-Alcoholic Steatohepatitis
CXCL9,CCL5,0.999,Non-Alcoholic Steatohepatitis
CXCR3,CXCL12,0.998,Non-Alcoholic Steatohepatitis
CXCR3,CCL5,0.999,Non-Alcoholic Steatohepatitis
CXCL12,CCL5,0.999,Non-Alcoholic Steatohepatitis
IL2RB,BCL6,0.532,Liver Fibrosis
IL2RB,STAT1,0.545,Liver Fibrosis
IL2RB,IL21R,0.574,Liver Fibrosis
IL2RB,ICOS,0.685,Liver Fibrosis
IL2RB,IL21,0.797,Liver Fibrosis
IL2RB,IL4R,0.82,Liver Fibrosis
IL2RB,JAK3,0.98,Liver Fibrosis
IL2RB,JAK1,0.998,Liver Fibrosis
IL2RB,IL2RG,0.999,Liver Fibrosis
IL2RB,IL2RA,0.999,Liver Fibrosis
ICOS,STAT1,0.507,Liver Fibrosis
ICOS,IL2RG,0.52,Liver Fibrosis
ICOS,IL4R,0.65,Liver Fibrosis
ICOS,IL2RA,0.681,Liver Fibrosis
ICOS,IL21,0.811,Liver Fibrosis
ICOS,BCL6,0.82,Liver Fibrosis
ICOS,IL21R,0.832,Liver Fibrosis
IL21R,BCL6,0.774,Liver Fibrosis
IL21R,IL4R,0.781,Liver Fibrosis
IL21R,STAT1,0.833,Liver Fibrosis
IL21R,IL2RA,0.833,Liver Fibrosis
IL21R,JAK3,0.945,Liver Fibrosis
IL21R,JAK1,0.982,Liver Fibrosis
IL21R,IL2RG,0.996,Liver Fibrosis
IL21R,IL21,0.999,Liver Fibrosis
STAT1,IL2RA,0.638,Liver Fibrosis
STAT1,BCL6,0.732,Liver Fibrosis
STAT1,IL4R,0.778,Liver Fibrosis
STAT1,IL21,0.781,Liver Fibrosis
STAT1,IL2RG,0.82,Liver Fibrosis
STAT1,JAK3,0.992,Liver Fibrosis
STAT1,JAK1,0.999,Liver Fibrosis
IL2RG,IL21,0.969,Liver Fibrosis
IL2RG,IL2RA,0.999,Liver Fibrosis
IL2RA,BCL6,0.486,Liver Fibrosis
IL2RA,IL4R,0.751,Liver Fibrosis
IL2RA,IL21,0.784,Liver Fibrosis
IL2RA,JAK1,0.978,Liver Fibrosis
IL2RA,JAK3,0.996,Liver Fibrosis
IL4R,BCL6,0.425,Liver Fibrosis
IL4R,IL21,0.835,Liver Fibrosis
BCL6,JAK1,0.419,Liver Fibrosis
BCL6,IL21,0.814,Liver Fibrosis
JAK3,IL21,0.942,Liver Fibrosis
IL21,JAK1,0.938,Liver Fibrosis
HLA-F,CD8A,0.948,Cirrhosis
HLA-F,CALR,0.949,Cirrhosis
HLA-F,TAPBP,0.959,Cirrhosis
HLA-F,KIR3DL1,0.964,Cirrhosis
HLA-F,HLA-B,0.982,Cirrhosis
HLA-F,HLA-C,0.99,Cirrhosis
HLA-F,KIR3DL2,0.993,Cirrhosis
HLA-F,HLA-A,0.996,Cirrhosis
HLA-F,LILRB1,0.999,Cirrhosis
HLA-F,B2M,0.999,Cirrhosis
LILRB1,CD8A,0.752,Cirrhosis
LILRB1,HLA-B,0.989,Cirrhosis
LILRB1,HLA-C,0.997,Cirrhosis
LILRB1,HLA-A,0.999,Cirrhosis
LILRB1,B2M,0.999,Cirrhosis
CALR,CD8A,0.801,Cirrhosis
CALR,HLA-C,0.93,Cirrhosis
CALR,HLA-B,0.969,Cirrhosis
CALR,HLA-A,0.997,Cirrhosis
CALR,TAPBP,0.999,Cirrhosis
CALR,B2M,0.999,Cirrhosis
KIR3DL2,CD8A,0.513,Cirrhosis
KIR3DL2,B2M,0.646,Cirrhosis
KIR3DL2,HLA-C,0.955,Cirrhosis
KIR3DL2,KIR3DL1,0.987,Cirrhosis
KIR3DL2,HLA-B,0.999,Cirrhosis
KIR3DL2,HLA-A,0.999,Cirrhosis
HLA-C,TAPBP,0.981,Cirrhosis
HLA-C,CD8A,0.994,Cirrhosis
HLA-C,KIR3DL1,0.996,Cirrhosis
HLA-C,HLA-A,0.998,Cirrhosis
HLA-C,HLA-B,0.998,Cirrhosis
HLA-C,B2M,0.999,Cirrhosis
KIR3DL1,CD8A,0.625,Cirrhosis
KIR3DL1,B2M,0.983,Cirrhosis
KIR3DL1,HLA-A,0.999,Cirrhosis
KIR3DL1,HLA-B,0.999,Cirrhosis
HLA-A,TAPBP,0.998,Cirrhosis
HLA-A,HLA-B,0.999,Cirrhosis
HLA-A,B2M,0.999,Cirrhosis
HLA-A,CD8A,0.999,Cirrhosis
CD8A,TAPBP,0.596,Cirrhosis
CD8A,HLA-B,0.996,Cirrhosis
CD8A,B2M,0.998,Cirrhosis
HLA-B,TAPBP,0.998,Cirrhosis
HLA-B,B2M,0.999,Cirrhosis
TAPBP,B2M,0.999,Cirrhosis
SLC40A1,BMP6,0.54,Acute Liver Failure
SLC40A1,TMPRSS6,0.608,Acute Liver Failure
SLC40A1,HJV,0.904,Acute Liver Failure
SLC40A1,HFE,0.921,Acute Liver Failure
SLC40A1,TFRC,0.936,Acute Liver Failure
SLC40A1,CYBRD1,0.946,Acute Liver Failure
SLC40A1,TFR2,0.959,Acute Liver Failure
SLC40A1,SLC11A2,0.987,Acute Liver Failure
SLC40A1,HAMP,0.999,Acute Liver Failure
BMP6,CYBRD1,0.436,Acute Liver Failure
BMP6,SLC11A2,0.478,Acute Liver Failure
BMP6,TFRC,0.66,Acute Liver Failure
BMP6,TFR2,0.887,Acute Liver Failure
BMP6,TMPRSS6,0.889,Acute Liver Failure
BMP6,HAMP,0.897,Acute Liver Failure
BMP6,HFE,0.905,Acute Liver Failure
BMP6,HJV,0.998,Acute Liver Failure
CYBRD1,B2M,0.544,Acute Liver Failure
CYBRD1,TMPRSS6,0.708,Acute Liver Failure
CYBRD1,HJV,0.788,Acute Liver Failure
CYBRD1,TFR2,0.807,Acute Liver Failure
CYBRD1,TFRC,0.851,Acute Liver Failure
CYBRD1,HFE,0.908,Acute Liver Failure
CYBRD1,HAMP,0.926,Acute Liver Failure
CYBRD1,SLC11A2,0.965,Acute Liver Failure
HJV,B2M,0.777,Acute Liver Failure
HJV,SLC11A2,0.804,Acute Liver Failure
HJV,HAMP,0.983,Acute Liver Failure
HJV,TFRC,0.994,Acute Liver Failure
HJV,TMPRSS6,0.997,Acute Liver Failure
HJV,HFE,0.998,Acute Liver Failure
HJV,TFR2,0.999,Acute Liver Failure
TFRC,TMPRSS6,0.858,Acute Liver Failure
TFRC,TFR2,0.909,Acute Liver Failure
TFRC,HAMP,0.934,Acute Liver Failure
TFRC,SLC11A2,0.96,Acute Liver Failure
TFRC,B2M,0.998,Acute Liver Failure
TFRC,HFE,0.999,Acute Liver Failure
SLC11A2,B2M,0.474,Acute Liver Failure
SLC11A2,TMPRSS6,0.697,Acute Liver Failure
SLC11A2,TFR2,0.838,Acute Liver Failure
SLC11A2,HFE,0.897,Acute Liver Failure
SLC11A2,HAMP,0.942,Acute Liver Failure
TMPRSS6,TFR2,0.919,Acute Liver Failure
TMPRSS6,HFE,0.933,Acute Liver Failure
TMPRSS6,HAMP,0.962,Acute Liver Failure
HFE,HAMP,0.966,Acute Liver Failure
HFE,TFR2,0.999,Acute Liver Failure
HFE,B2M,0.999,Acute Liver Failure
TFR2,B2M,0.863,Acute Liver Failure
TFR2,HAMP,0.941,Acute Liver Failure
UGT1A6,SLC35A2,0.99,Chronic Liver Failure
UGT1A6,UGT1A9,0.998,Chronic Liver Failure
UGT1A6,UGT1A3,0.998,Chronic Liver Failure
UGT1A1,SLC35A2,0.984,Chronic Liver Failure
UGT1A1,UGT1A3,0.998,Chronic Liver Failure
UGT1A1,UGT1A9,0.998,Chronic Liver Failure
UGT1A10,SLC35A2,0.989,Chronic Liver Failure
UGT1A10,UGT1A3,0.994,Chronic Liver Failure
UGT1A10,UGT1A9,0.994,Chronic Liver Failure
UGT1A9,CYP1A1,0.966,Chronic Liver Failure
UGT1A9,SLC35A2,0.979,Chronic Liver Failure
UGT1A9,CYP3A4,0.981,Chronic Liver Failure
UGT1A9,UGT1A7,0.994,Chronic Liver Failure
UGT1A9,UGT1A4,0.995,Chronic Liver Failure
UGT1A9,UGT1A8,0.997,Chronic Liver Failure
UGT1A9,UGT1A3,0.999,Chronic Liver Failure
UGT1A4,SLC35A2,0.99,Chronic Liver Failure
UGT1A4,UGT1A3,0.996,Chronic Liver Failure
UGT1A7,SLC35A2,0.989,Chronic Liver Failure
UGT1A7,UGT1A3,0.994,Chronic Liver Failure
UGT1A8,SLC35A2,0.989,Chronic Liver Failure
UGT1A8,UGT1A3,0.997,Chronic Liver Failure
CYP1A1,SLC35A2,0.77,Chronic Liver Failure
CYP1A1,UGT1A3,0.965,Chronic Liver Failure
SLC35A2,CYP3A4,0.814,Chronic Liver Failure
SLC35A2,UGT1A3,0.969,Chronic Liver Failure
UGT1A3,CYP3A4,0.979,Chronic Liver Failure
TTR,ORM1,0.85,Hepatorenal Syndrome
TTR,ORM2,0.856,Hepatorenal Syndrome
TTR,AHSG,0.858,Hepatorenal Syndrome
TTR,HP,0.871,Hepatorenal Syndrome
TTR,A2M,0.905,Hepatorenal Syndrome
TTR,SERPINA1,0.961,Hepatorenal Syndrome
TTR,ALB,0.994,Hepatorenal Syndrome
ORM1,ELANE,0.507,Hepatorenal Syndrome
ORM1,A2M,0.809,Hepatorenal Syndrome
ORM1,AHSG,0.926,Hepatorenal Syndrome
ORM1,HP,0.973,Hepatorenal Syndrome
ORM1,SERPINA1,0.979,Hepatorenal Syndrome
ORM1,ALB,0.998,Hepatorenal Syndrome
ORM1,ORM2,0.999,Hepatorenal Syndrome
AHSG,A2M,0.803,Hepatorenal Syndrome
AHSG,HP,0.882,Hepatorenal Syndrome
AHSG,ORM2,0.908,Hepatorenal Syndrome
AHSG,SERPINA1,0.971,Hepatorenal Syndrome
AHSG,ALB,0.999,Hepatorenal Syndrome
CELA1,SERPINA1,0.971,Hepatorenal Syndrome
ALB,ELANE,0.647,Hepatorenal Syndrome
ALB,A2M,0.98,Hepatorenal Syndrome
ALB,HP,0.995,Hepatorenal Syndrome
ALB,SERPINA1,0.998,Hepatorenal Syndrome
ALB,ORM2,0.998,Hepatorenal Syndrome
A2M,ELANE,0.735,Hepatorenal Syndrome
A2M,ORM2,0.808,Hepatorenal Syndrome
A2M,SERPINA1,0.98,Hepatorenal Syndrome
A2M,HP,0.997,Hepatorenal Syndrome
HP,ELANE,0.623,Hepatorenal Syndrome
HP,ORM2,0.952,Hepatorenal Syndrome
HP,SERPINA1,0.961,Hepatorenal Syndrome
ORM2,SERPINA1,0.972,Hepatorenal Syndrome
SERPINA1,PRSS2,0.978,Hepatorenal Syndrome
SERPINA1,ELANE,0.999,Hepatorenal Syndrome
ELANE,PRSS2,0.523,Hepatorenal Syndrome
TIMP1,HBEGF,0.485,Hepatopulmonary Syndrome
TIMP1,APOA1,0.569,Hepatopulmonary Syndrome
TIMP1,FURIN,0.645,Hepatopulmonary Syndrome
MMP2,FURIN,0.448,Hepatopulmonary Syndrome
MMP2,APOA1,0.546,Hepatopulmonary Syndrome
MMP2,HBEGF,0.939,Hepatopulmonary Syndrome
HBEGF,MMP14,0.938,Hepatopulmonary Syndrome
HBEGF,CD44,0.99,Hepatopulmonary Syndrome
APOA1,MMP14,0.913,Hepatopulmonary Syndrome
TIMP2,FURIN,0.486,Hepatopulmonary Syndrome
TIMP3,FURIN,0.403,Hepatopulmonary Syndrome
MMP14,FURIN,0.91,Hepatopulmonary Syndrome
MMP14,RDX,0.925,Hepatopulmonary Syndrome
MMP14,ADI1,0.948,Hepatopulmonary Syndrome
CD44,FURIN,0.402,Hepatopulmonary Syndrome
CD44,RDX,0.999,Hepatopulmonary Syndrome
PNPLA3,LIPF,0.922,Hepatocellular Carcinoma
PNPLA3,LIPG,0.924,Hepatocellular Carcinoma
PNPLA3,SAMM50,0.928,Hepatocellular Carcinoma
PNPLA3,GPT,0.929,Hepatocellular Carcinoma
PNPLA3,PLPP4,0.938,Hepatocellular Carcinoma
PNPLA3,MGLL,0.938,Hepatocellular Carcinoma
PNPLA3,LPL,0.94,Hepatocellular Carcinoma
PNPLA3,PLPP5,0.94,Hepatocellular Carcinoma
PNPLA3,PNLIP,0.948,Hepatocellular Carcinoma
PNPLA3,LIPC,0.956,Hepatocellular Carcinoma
LIPG,PLPP4,0.903,Hepatocellular Carcinoma
LIPG,LPL,0.907,Hepatocellular Carcinoma
LIPG,PLPP5,0.908,Hepatocellular Carcinoma
LIPG,LIPC,0.91,Hepatocellular Carcinoma
LIPG,PNLIP,0.921,Hepatocellular Carcinoma
LIPG,MGLL,0.926,Hepatocellular Carcinoma
LIPG,LIPF,0.946,Hepatocellular Carcinoma
MGLL,LIPF,0.926,Hepatocellular Carcinoma
MGLL,LIPC,0.934,Hepatocellular Carcinoma
MGLL,PNLIP,0.94,Hepatocellular Carcinoma
MGLL,LPL,0.967,Hepatocellular Carcinoma
LIPC,PLPP4,0.909,Hepatocellular Carcinoma
LIPC,PLPP5,0.912,Hepatocellular Carcinoma
LIPC,PNLIP,0.935,Hepatocellular Carcinoma
LIPC,LPL,0.957,Hepatocellular Carcinoma
LIPC,LIPF,0.98,Hepatocellular Carcinoma
SAMM50,GPT,0.695,Hepatocellular Carcinoma
PNLIP,GPT,0.481,Hepatocellular Carcinoma
PNLIP,PLPP5,0.904,Hepatocellular Carcinoma
PNLIP,PLPP4,0.904,Hepatocellular Carcinoma
PNLIP,LPL,0.922,Hepatocellular Carcinoma
PNLIP,LIPF,0.998,Hepatocellular Carcinoma
LIPF,PLPP5,0.903,Hepatocellular Carcinoma
LIPF,PLPP4,0.903,Hepatocellular Carcinoma
LIPF,LPL,0.971,Hepatocellular Carcinoma
GPT,LPL,0.507,Hepatocellular Carcinoma
PLPP4,LPL,0.9,Hepatocellular Carcinoma
PLPP4,PLPP5,0.924,Hepatocellular Carcinoma
PLPP5,LPL,0.9,Hepatocellular Carcinoma
BRIP1,BABAM1,0.406,Intrahepatic Cholangiocarcinoma
BRIP1,TP53,0.645,Intrahepatic Cholangiocarcinoma
BRIP1,ATM,0.933,Intrahepatic Cholangiocarcinoma
BRIP1,FANCD2,0.997,Intrahepatic Cholangiocarcinoma
BRIP1,PALB2,0.998,Intrahepatic Cholangiocarcinoma
BRIP1,MRE11,0.998,Intrahepatic Cholangiocarcinoma
BRIP1,BRCA1,0.999,Intrahepatic Cholangiocarcinoma
BRIP1,BARD1,0.999,Intrahepatic Cholangiocarcinoma
BRIP1,TOPBP1,0.999,Intrahepatic Cholangiocarcinoma
TOPBP1,PALB2,0.504,Intrahepatic Cholangiocarcinoma
TOPBP1,BABAM1,0.518,Intrahepatic Cholangiocarcinoma
TOPBP1,MRE11,0.733,Intrahepatic Cholangiocarcinoma
TOPBP1,FANCD2,0.765,Intrahepatic Cholangiocarcinoma
TOPBP1,TP53,0.949,Intrahepatic Cholangiocarcinoma
TOPBP1,ATM,0.954,Intrahepatic Cholangiocarcinoma
TOPBP1,BARD1,0.998,Intrahepatic Cholangiocarcinoma
TOPBP1,BRCA1,0.999,Intrahepatic Cholangiocarcinoma
BARD1,FANCD2,0.783,Intrahepatic Cholangiocarcinoma
BARD1,ATM,0.946,Intrahepatic Cholangiocarcinoma
BARD1,TP53,0.982,Intrahepatic Cholangiocarcinoma
BARD1,PALB2,0.987,Intrahepatic Cholangiocarcinoma
BARD1,BABAM1,0.998,Intrahepatic Cholangiocarcinoma
BARD1,MRE11,0.999,Intrahepatic Cholangiocarcinoma
BARD1,BRCA1,0.999,Intrahepatic Cholangiocarcinoma
BARD1,BABAM2,0.999,Intrahepatic Cholangiocarcinoma
PALB2,BABAM1,0.493,Intrahepatic Cholangiocarcinoma
PALB2,BABAM2,0.523,Intrahepatic Cholangiocarcinoma
PALB2,TP53,0.738,Intrahepatic Cholangiocarcinoma
PALB2,MRE11,0.87,Intrahepatic Cholangiocarcinoma
PALB2,ATM,0.945,Intrahepatic Cholangiocarcinoma
PALB2,FANCD2,0.991,Intrahepatic Cholangiocarcinoma
PALB2,BRCA1,0.999,Intrahepatic Cholangiocarcinoma
TP53,FANCD2,0.632,Intrahepatic Cholangiocarcinoma
TP53,BABAM2,0.67,Intrahepatic Cholangiocarcinoma
TP53,MRE11,0.905,Intrahepatic Cholangiocarcinoma
TP53,BRCA1,0.999,Intrahepatic Cholangiocarcinoma
ATM,BABAM1,0.682,Intrahepatic Cholangiocarcinoma
ATM,BABAM2,0.777,Intrahepatic Cholangiocarcinoma
ATM,FANCD2,0.989,Intrahepatic Cholangiocarcinoma
ATM,BRCA1,0.999,Intrahepatic Cholangiocarcinoma
ATM,MRE11,0.999,Intrahepatic Cholangiocarcinoma
FANCD2,BABAM2,0.516,Intrahepatic Cholangiocarcinoma
FANCD2,MRE11,0.734,Intrahepatic Cholangiocarcinoma
FANCD2,BRCA1,0.999,Intrahepatic Cholangiocarcinoma
MRE11,BABAM2,0.593,Intrahepatic Cholangiocarcinoma
MRE11,BABAM1,0.689,Intrahepatic Cholangiocarcinoma
MRE11,BRCA1,0.999,Intrahepatic Cholangiocarcinoma
BABAM2,BABAM1,0.999,Intrahepatic Cholangiocarcinoma
BABAM2,BRCA1,0.999,Intrahepatic Cholangiocarcinoma
BABAM1,BRCA1,0.999,Intrahepatic Cholangiocarcinoma
NGFR,CREB1,0.423,Angiosarcoma of the Liver
NGFR,GDNF,0.826,Angiosarcoma of the Liver
NGFR,NTRK3,0.967,Angiosarcoma of the Liver
NGFR,NTRK2,0.99,Angiosarcoma of the Liver
NGFR,BDNF,0.999,Angiosarcoma of the Liver
NGFR,NTF3,0.999,Angiosarcoma of the Liver
NGFR,NTRK1,0.999,Angiosarcoma of the Liver
NGFR,SORT1,0.999,Angiosarcoma of the Liver
NGFR,NTF4,0.999,Angiosarcoma of the Liver
SORT1,GDNF,0.536,Angiosarcoma of the Liver
SORT1,NTF4,0.883,Angiosarcoma of the Liver
SORT1,NTF3,0.899,Angiosarcoma of the Liver
SORT1,NTRK1,0.905,Angiosarcoma of the Liver
SORT1,NTRK3,0.907,Angiosarcoma of the Liver
SORT1,NTRK2,0.933,Angiosarcoma of the Liver
SORT1,BDNF,0.998,Angiosarcoma of the Liver
NTRK2,MECP2,0.46,Angiosarcoma of the Liver
NTRK2,CREB1,0.771,Angiosarcoma of the Liver
NTRK2,NTRK3,0.969,Angiosarcoma of the Liver
NTRK2,NTRK1,0.989,Angiosarcoma of the Liver
NTRK2,GDNF,0.994,Angiosarcoma of the Liver
NTRK2,NTF3,0.999,Angiosarcoma of the Liver
NTRK2,NTF4,0.999,Angiosarcoma of the Liver
NTRK2,BDNF,0.999,Angiosarcoma of the Liver
NTRK3,NTRK1,0.8,Angiosarcoma of the Liver
NTRK3,GDNF,0.972,Angiosarcoma of the Liver
NTRK3,NTF4,0.999,Angiosarcoma of the Liver
NTRK3,BDNF,0.999,Angiosarcoma of the Liver
NTRK3,NTF3,0.999,Angiosarcoma of the Liver
CREB1,NTF4,0.418,Angiosarcoma of the Liver
CREB1,NTF3,0.444,Angiosarcoma of the Liver
CREB1,NTRK1,0.54,Angiosarcoma of the Liver
CREB1,GDNF,0.726,Angiosarcoma of the Liver
CREB1,BDNF,0.956,Angiosarcoma of the Liver
CREB1,MECP2,0.996,Angiosarcoma of the Liver
MECP2,BDNF,0.965,Angiosarcoma of the Liver
NTF3,NTF4,0.563,Angiosarcoma of the Liver
NTF3,GDNF,0.937,Angiosarcoma of the Liver
NTF3,BDNF,0.991,Angiosarcoma of the Liver
NTF3,NTRK1,0.999,Angiosarcoma of the Liver
GDNF,NTF4,0.897,Angiosarcoma of the Liver
GDNF,BDNF,0.963,Angiosarcoma of the Liver
GDNF,NTRK1,0.991,Angiosarcoma of the Liver
BDNF,NTF4,0.99,Angiosarcoma of the Liver
BDNF,NTRK1,0.999,Angiosarcoma of the Liver
NTRK1,NTF4,0.999,Angiosarcoma of the Liver
CCND1,CDKN1C,0.994,Hepatoblastoma
CCND1,ESR1,0.997,Hepatoblastoma
CCND1,RB1,0.998,Hepatoblastoma
CCND1,CDK1,0.998,Hepatoblastoma
CCND1,CDKN2A,0.998,Hepatoblastoma
CCND1,CDK2,0.999,Hepatoblastoma
CCND1,CDKN1B,0.999,Hepatoblastoma
CCND1,CDK4,0.999,Hepatoblastoma
CCND1,CDK6,0.999,Hepatoblastoma
CCND1,CDKN1A,0.999,Hepatoblastoma
CDKN1B,ESR1,0.571,Hepatoblastoma
CDKN1B,RB1,0.818,Hepatoblastoma
CDKN1B,CDKN2A,0.93,Hepatoblastoma
CDKN1B,CDKN1C,0.946,Hepatoblastoma
CDKN1B,CDK1,0.978,Hepatoblastoma
CDKN1B,CDKN1A,0.982,Hepatoblastoma
CDKN1B,CDK4,0.999,Hepatoblastoma
CDKN1B,CDK6,0.999,Hepatoblastoma
CDKN1B,CDK2,0.999,Hepatoblastoma
CDK4,ESR1,0.718,Hepatoblastoma
CDK4,CDKN1C,0.994,Hepatoblastoma
CDK4,CDK2,0.998,Hepatoblastoma
CDK4,RB1,0.999,Hepatoblastoma
CDK4,CDKN2A,0.999,Hepatoblastoma
CDK4,CDKN1A,0.999,Hepatoblastoma
CDK4,CDK6,0.999,Hepatoblastoma
CDK6,CDK1,0.579,Hepatoblastoma
CDK6,ESR1,0.585,Hepatoblastoma
CDK6,CDKN1C,0.995,Hepatoblastoma
CDK6,RB1,0.997,Hepatoblastoma
CDK6,CDK2,0.998,Hepatoblastoma
CDK6,CDKN1A,0.999,Hepatoblastoma
CDK6,CDKN2A,0.999,Hepatoblastoma
CDK2,ESR1,0.714,Hepatoblastoma
CDK2,CDKN2A,0.993,Hepatoblastoma
CDK2,CDK1,0.994,Hepatoblastoma
CDK2,CDKN1C,0.999,Hepatoblastoma
CDK2,RB1,0.999,Hepatoblastoma
CDK2,CDKN1A,0.999,Hepatoblastoma
RB1,ESR1,0.583,Hepatoblastoma
RB1,CDKN1C,0.796,Hepatoblastoma
RB1,CDKN2A,0.843,Hepatoblastoma
RB1,CDKN1A,0.876,Hepatoblastoma
RB1,CDK1,0.995,Hepatoblastoma
CDK1,ESR1,0.544,Hepatoblastoma
CDK1,CDKN2A,0.818,Hepatoblastoma
CDK1,CDKN1C,0.952,Hepatoblastoma
CDK1,CDKN1A,0.998,Hepatoblastoma
CDKN1A,CDKN1C,0.735,Hepatoblastoma
CDKN1A,ESR1,0.842,Hepatoblastoma
CDKN1A,CDKN2A,0.966,Hepatoblastoma
ESR1,CDKN2A,0.667,Hepatoblastoma
CDKN1C,CDKN2A,0.86,Hepatoblastoma
DLL3,MAML3,0.671,Liver Metastases
DLL3,MAML2,0.686,Liver Metastases
DLL3,MAML1,0.689,Liver Metastases
DLL3,RBPJ,0.753,Liver Metastases
DLL3,DLL4,0.919,Liver Metastases
DLL3,DLL1,0.94,Liver Metastases
DLL3,NOTCH1,0.998,Liver Metastases
DLL4,PSEN1,0.413,Liver Metastases
DLL4,JAG2,0.594,Liver Metastases
DLL4,JAG1,0.666,Liver Metastases
DLL4,MAML3,0.686,Liver Metastases
DLL4,MAML2,0.696,Liver Metastases
DLL4,MAML1,0.71,Liver Metastases
DLL4,RBPJ,0.905,Liver Metastases
DLL4,DLL1,0.942,Liver Metastases
DLL4,NOTCH1,0.999,Liver Metastases
JAG1,PSEN1,0.524,Liver Metastases
JAG1,MAML3,0.753,Liver Metastases
JAG1,MAML2,0.803,Liver Metastases
JAG1,DLL1,0.804,Liver Metastases
JAG1,MAML1,0.877,Liver Metastases
JAG1,RBPJ,0.938,Liver Metastases
JAG1,JAG2,0.951,Liver Metastases
JAG1,NOTCH1,0.999,Liver Metastases
MAML1,PSEN1,0.42,Liver Metastases
MAML1,JAG2,0.737,Liver Metastases
MAML1,DLL1,0.738,Liver Metastases
MAML1,MAML3,0.938,Liver Metastases
MAML1,MAML2,0.95,Liver Metastases
MAML1,RBPJ,0.999,Liver Metastases
MAML1,NOTCH1,0.999,Liver Metastases
PSEN1,MAML2,0.401,Liver Metastases
PSEN1,JAG2,0.463,Liver Metastases
PSEN1,RBPJ,0.546,Liver Metastases
PSEN1,DLL1,0.671,Liver Metastases
PSEN1,NOTCH1,0.998,Liver Metastases
JAG2,DLL1,0.51,Liver Metastases
JAG2,MAML3,0.718,Liver Metastases
JAG2,MAML2,0.742,Liver Metastases
JAG2,RBPJ,0.878,Liver Metastases
JAG2,NOTCH1,0.999,Liver Metastases
RBPJ,DLL1,0.924,Liver Metastases
RBPJ,MAML3,0.999,Liver Metastases
RBPJ,MAML2,0.999,Liver Metastases
RBPJ,NOTCH1,0.999,Liver Metastases
DLL1,MAML3,0.731,Liver Metastases
DLL1,MAML2,0.742,Liver Metastases
DLL1,NOTCH1,0.999,Liver Metastases
MAML3,MAML2,0.937,Liver Metastases
MAML3,NOTCH1,0.999,Liver Metastases
MAML2,NOTCH1,0.999,Liver Metastases
SMAD7,AMOT,0.474,Hepatic Adenoma
SMAD7,TEAD1,0.508,Hepatic Adenoma
SMAD7,CTNNB1,0.946,Hepatic Adenoma
SMAD7,YAP1,0.998,Hepatic Adenoma
TEAD3,TEAD4,0.562,Hepatic Adenoma
TEAD3,TEAD1,0.568,Hepatic Adenoma
TEAD3,TEAD2,0.576,Hepatic Adenoma
TEAD3,LATS2,0.605,Hepatic Adenoma
TEAD3,LATS1,0.612,Hepatic Adenoma
TEAD3,YAP1,0.998,Hepatic Adenoma
TEAD4,CTNNB1,0.547,Hepatic Adenoma
TEAD4,AMOT,0.581,Hepatic Adenoma
TEAD4,LATS2,0.678,Hepatic Adenoma
TEAD4,LATS1,0.726,Hepatic Adenoma
TEAD4,TEAD2,0.912,Hepatic Adenoma
TEAD4,TEAD1,0.922,Hepatic Adenoma
TEAD4,YAP1,0.999,Hepatic Adenoma
AMOT,CTNNB1,0.71,Hepatic Adenoma
AMOT,TEAD1,0.729,Hepatic Adenoma
AMOT,LATS2,0.948,Hepatic Adenoma
AMOT,LATS1,0.982,Hepatic Adenoma
AMOT,YAP1,0.998,Hepatic Adenoma
TP73,YAP1,0.995,Hepatic Adenoma
LATS2,CTNNB1,0.628,Hepatic Adenoma
LATS2,TEAD2,0.707,Hepatic Adenoma
LATS2,TEAD1,0.733,Hepatic Adenoma
LATS2,LATS1,0.989,Hepatic Adenoma
LATS2,YAP1,0.999,Hepatic Adenoma
TEAD1,CTNNB1,0.417,Hepatic Adenoma
TEAD1,LATS1,0.817,Hepatic Adenoma
TEAD1,TEAD2,0.944,Hepatic Adenoma
TEAD1,YAP1,0.999,Hepatic Adenoma
LATS1,CTNNB1,0.562,Hepatic Adenoma
LATS1,TEAD2,0.658,Hepatic Adenoma
LATS1,YAP1,0.999,Hepatic Adenoma
TEAD2,YAP1,0.999,Hepatic Adenoma
YAP1,CTNNB1,0.997,Hepatic Adenoma
CLEC11A,CXCL12,0.404,Focal Nodular Hyperplasia
CLEC11A,KITLG,0.713,Focal Nodular Hyperplasia
CLEC11A,KIT,0.993,Focal Nodular Hyperplasia
KRAS,CXCL12,0.447,Focal Nodular Hyperplasia
KRAS,KITLG,0.647,Focal Nodular Hyperplasia
KRAS,EGF,0.854,Focal Nodular Hyperplasia
KRAS,GRB2,0.931,Focal Nodular Hyperplasia
KRAS,NRAS,0.944,Focal Nodular Hyperplasia
KRAS,PTPN11,0.953,Focal Nodular Hyperplasia
KRAS,KIT,0.976,Focal Nodular Hyperplasia
PIK3CA,KITLG,0.498,Focal Nodular Hyperplasia
PIK3CA,EGF,0.746,Focal Nodular Hyperplasia
PIK3CA,GRB2,0.924,Focal Nodular Hyperplasia
PIK3CA,KIT,0.986,Focal Nodular Hyperplasia
PIK3CA,PTPN11,0.99,Focal Nodular Hyperplasia
PIK3CA,NRAS,0.995,Focal Nodular Hyperplasia
EGF,KITLG,0.728,Focal Nodular Hyperplasia
EGF,NRAS,0.759,Focal Nodular Hyperplasia
EGF,CXCL12,0.79,Focal Nodular Hyperplasia
EGF,PTPN11,0.827,Focal Nodular Hyperplasia
EGF,PIK3R1,0.911,Focal Nodular Hyperplasia
EGF,KIT,0.973,Focal Nodular Hyperplasia
EGF,GRB2,0.995,Focal Nodular Hyperplasia
KIT,CXCL12,0.974,Focal Nodular Hyperplasia
KIT,NRAS,0.981,Focal Nodular Hyperplasia
KIT,PTPN11,0.99,Focal Nodular Hyperplasia
KIT,PIK3R1,0.995,Focal Nodular Hyperplasia
KIT,GRB2,0.998,Focal Nodular Hyperplasia
KIT,KITLG,0.999,Focal Nodular Hyperplasia
NRAS,KITLG,0.669,Focal Nodular Hyperplasia
NRAS,GRB2,0.815,Focal Nodular Hyperplasia
NRAS,PTPN11,0.952,Focal Nodular Hyperplasia
NRAS,PIK3R1,0.956,Focal Nodular Hyperplasia
GRB2,KITLG,0.594,Focal Nodular Hyperplasia
GRB2,PIK3R1,0.998,Focal Nodular Hyperplasia
GRB2,PTPN11,0.999,Focal Nodular Hyperplasia
CXCL12,PTPN11,0.491,Focal Nodular Hyperplasia
CXCL12,KITLG,0.839,Focal Nodular Hyperplasia
PIK3R1,KITLG,0.499,Focal Nodular Hyperplasia
PIK3R1,PTPN11,0.996,Focal Nodular Hyperplasia
PTPN11,KITLG,0.596,Focal Nodular Hyperplasia
NFKBIA,EP300,0.734,Unknown Hepatic Disease
NFKBIA,CREBBP,0.741,Unknown Hepatic Disease
NFKBIA,NFKBIE,0.987,Unknown Hepatic Disease
NFKBIA,NFKBIB,0.999,Unknown Hepatic Disease
RELB,EP300,0.654,Unknown Hepatic Disease
RELB,NFKBIB,0.993,Unknown Hepatic Disease
RELB,NFKBIE,0.996,Unknown Hepatic Disease
NFKB1,BRD4,0.624,Unknown Hepatic Disease
NFKB1,CREBBP,0.913,Unknown Hepatic Disease
NFKB1,NFKBIE,0.995,Unknown Hepatic Disease
NFKB1,EP300,0.998,Unknown Hepatic Disease
NFKB1,NFKBIB,0.998,Unknown Hepatic Disease
CREBBP,NFKB2,0.467,Unknown Hepatic Disease
CREBBP,NFKBIB,0.47,Unknown Hepatic Disease
CREBBP,BRD4,0.71,Unknown Hepatic Disease
CREBBP,REL,0.753,Unknown Hepatic Disease
CREBBP,RELA,0.999,Unknown Hepatic Disease
EP300,NFKBIB,0.485,Unknown Hepatic Disease
EP300,REL,0.903,Unknown Hepatic Disease
EP300,BRD4,0.988,Unknown Hepatic Disease
EP300,RELA,0.999,Unknown Hepatic Disease
BRD4,RELA,0.999,Unknown Hepatic Disease
NFKBIE,NFKB2,0.901,Unknown Hepatic Disease
NFKBIE,NFKBIB,0.993,Unknown Hepatic Disease
NFKBIE,REL,0.999,Unknown Hepatic Disease
NFKBIE,RELA,0.999,Unknown Hepatic Disease
REL,NFKBIB,0.999,Unknown Hepatic Disease
NFKBIB,NFKB2,0.976,Unknown Hepatic Disease
NFKBIB,RELA,0.999,Unknown Hepatic Disease
CD4,CXCL1,0.735,Unknown Hepatic Disease
CD4,CXCL13,0.818,Unknown Hepatic Disease
CD4,CXCL12,0.825,Unknown Hepatic Disease
CD4,CCL21,0.881,Unknown Hepatic Disease
CD4,CCL19,0.888,Unknown Hepatic Disease
CCL2,CCL19,0.892,Unknown Hepatic Disease
CCL2,CXCL1,0.98,Unknown Hepatic Disease
CCL2,CXCL13,0.998,Unknown Hepatic Disease
CCL2,CXCR4,0.998,Unknown Hepatic Disease
CCL21,CXCL1,0.831,Unknown Hepatic Disease
CCL21,CXCL13,0.991,Unknown Hepatic Disease
CCL21,CCL19,0.997,Unknown Hepatic Disease
CCL21,CXCR4,0.999,Unknown Hepatic Disease
ITIH4,CXCL12,0.811,Unknown Hepatic Disease
CXCL13,CXCL1,0.933,Unknown Hepatic Disease
CXCL13,CCL5,0.956,Unknown Hepatic Disease
CXCL13,CXCL12,0.964,Unknown Hepatic Disease
CXCL13,CXCL10,0.994,Unknown Hepatic Disease
CXCL13,CXCR4,0.998,Unknown Hepatic Disease
CXCL13,CCL19,0.998,Unknown Hepatic Disease
CXCL10,CCL19,0.935,Unknown Hepatic Disease
CXCL10,CXCL1,0.992,Unknown Hepatic Disease
CXCL10,CXCR4,0.997,Unknown Hepatic Disease
CCL19,CCL5,0.756,Unknown Hepatic Disease
CCL19,CXCL1,0.888,Unknown Hepatic Disease
CCL19,CXCL12,0.966,Unknown Hepatic Disease
CCL19,CXCR4,0.998,Unknown Hepatic Disease
CXCL1,CXCL12,0.947,Unknown Hepatic Disease
CXCL1,CCL5,0.958,Unknown Hepatic Disease
CXCL1,CXCR4,0.998,Unknown Hepatic Disease
CXCL12,CXCR4,0.999,Unknown Hepatic Disease
CXCR4,CCL5,0.998,Unknown Hepatic Disease
MDM2,RB1,0.999,Unknown Hepatic Disease
MDM2,AKT1,0.999,Unknown Hepatic Disease
MDM2,UBE2D2,0.999,Unknown Hepatic Disease
MDM2,USP7,0.999,Unknown Hepatic Disease
MDM2,CDKN2A,0.999,Unknown Hepatic Disease
MDM2,MDM4,0.999,Unknown Hepatic Disease
MDM2,RPL11,0.999,Unknown Hepatic Disease
MDM2,RPL5,0.999,Unknown Hepatic Disease
EP300,MDM4,0.562,Unknown Hepatic Disease
EP300,USP7,0.623,Unknown Hepatic Disease
EP300,RB1,0.808,Unknown Hepatic Disease
EP300,CDKN2A,0.859,Unknown Hepatic Disease
EP300,AKT1,0.954,Unknown Hepatic Disease
RB1,USP7,0.412,Unknown Hepatic Disease
RB1,AKT1,0.586,Unknown Hepatic Disease
RB1,MDM4,0.682,Unknown Hepatic Disease
RB1,TP53,0.936,Unknown Hepatic Disease
TP53,UBE2D2,0.531,Unknown Hepatic Disease
TP53,RPL5,0.945,Unknown Hepatic Disease
TP53,RPL11,0.971,Unknown Hepatic Disease
TP53,AKT1,0.994,Unknown Hepatic Disease
TP53,MDM4,0.999,Unknown Hepatic Disease
TP53,USP7,0.999,Unknown Hepatic Disease
TP53,CDKN2A,0.999,Unknown Hepatic Disease
USP7,AKT1,0.47,Unknown Hepatic Disease
USP7,CDKN2A,0.691,Unknown Hepatic Disease
USP7,MDM4,0.973,Unknown Hepatic Disease
MDM4,AKT1,0.465,Unknown Hepatic Disease
MDM4,RPL5,0.615,Unknown Hepatic Disease
MDM4,RPL11,0.695,Unknown Hepatic Disease
MDM4,UBE2D2,0.953,Unknown Hepatic Disease
MDM4,CDKN2A,0.963,Unknown Hepatic Disease
RPL5,CDKN2A,0.586,Unknown Hepatic Disease
RPL5,RPL11,0.999,Unknown Hepatic Disease
CDKN2A,RPL11,0.762,Unknown Hepatic Disease
CDKN2A,AKT1,0.866,Unknown Hepatic Disease
CD74,VCAN,0.416,Unknown Hepatic Disease
CD74,EGFR,0.436,Unknown Hepatic Disease
CD74,CD44,0.999,Unknown Hepatic Disease
VCAN,RDX,0.421,Unknown Hepatic Disease
VCAN,SPP1,0.631,Unknown Hepatic Disease
VCAN,MMP9,0.783,Unknown Hepatic Disease
VCAN,FN1,0.866,Unknown Hepatic Disease
VCAN,SELL,0.922,Unknown Hepatic Disease
VCAN,CD44,0.996,Unknown Hepatic Disease
ERBB2,RDX,0.505,Unknown Hepatic Disease
ERBB2,SPP1,0.518,Unknown Hepatic Disease
ERBB2,MMP9,0.655,Unknown Hepatic Disease
ERBB2,FN1,0.724,Unknown Hepatic Disease
ERBB2,EGFR,0.999,Unknown Hepatic Disease
ERBB2,CD44,0.999,Unknown Hepatic Disease
EGFR,RDX,0.681,Unknown Hepatic Disease
EGFR,SPP1,0.812,Unknown Hepatic Disease
EGFR,MMP9,0.827,Unknown Hepatic Disease
EGFR,FN1,0.944,Unknown Hepatic Disease
EGFR,CD44,0.998,Unknown Hepatic Disease
SELE,MMP9,0.65,Unknown Hepatic Disease
SELE,SPP1,0.671,Unknown Hepatic Disease
SELE,FN1,0.726,Unknown Hepatic Disease
SELE,SELL,0.988,Unknown Hepatic Disease
SELE,CD44,0.997,Unknown Hepatic Disease
FN1,SELL,0.445,Unknown Hepatic Disease
FN1,RDX,0.487,Unknown Hepatic Disease
FN1,MMP9,0.85,Unknown Hepatic Disease
FN1,SPP1,0.996,Unknown Hepatic Disease
FN1,CD44,0.999,Unknown Hepatic Disease
MMP9,SELL,0.484,Unknown Hepatic Disease
MMP9,SPP1,0.947,Unknown Hepatic Disease
MMP9,CD44,0.998,Unknown Hepatic Disease
SPP1,RDX,0.535,Unknown Hepatic Disease
SPP1,SELL,0.547,Unknown Hepatic Disease
SPP1,CD44,0.999,Unknown Hepatic Disease
CD44,SELL,0.998,Unknown Hepatic Disease
RDX,SELL,0.858,Unknown Hepatic Disease
AURKA,AURKB,0.922,Unknown Hepatic Disease
AURKA,BUB1B,0.924,Unknown Hepatic Disease
AURKA,CDK1,0.951,Unknown Hepatic Disease
AURKA,CDCA8,0.952,Unknown Hepatic Disease
AURKA,CCNB1,0.979,Unknown Hepatic Disease
AURKA,UBE2C,0.986,Unknown Hepatic Disease
AURKA,CCNB2,0.988,Unknown Hepatic Disease
AURKA,BIRC5,0.993,Unknown Hepatic Disease
AURKA,INCENP,0.994,Unknown Hepatic Disease
AURKA,CDC20,0.995,Unknown Hepatic Disease
CCNB1,INCENP,0.774,Unknown Hepatic Disease
CCNB1,AURKB,0.962,Unknown Hepatic Disease
CCNB1,CDCA8,0.987,Unknown Hepatic Disease
CCNB1,UBE2C,0.99,Unknown Hepatic Disease
CCNB1,BIRC5,0.993,Unknown Hepatic Disease
CCNB1,CCNB2,0.998,Unknown Hepatic Disease
CCNB1,BUB1B,0.998,Unknown Hepatic Disease
CCNB1,CDC20,0.999,Unknown Hepatic Disease
CCNB1,CDK1,0.999,Unknown Hepatic Disease
BUB1B,INCENP,0.912,Unknown Hepatic Disease
BUB1B,BIRC5,0.987,Unknown Hepatic Disease
BUB1B,UBE2C,0.991,Unknown Hepatic Disease
BUB1B,CCNB2,0.993,Unknown Hepatic Disease
BUB1B,CDCA8,0.994,Unknown Hepatic Disease
BUB1B,AURKB,0.999,Unknown Hepatic Disease
BUB1B,CDC20,0.999,Unknown Hepatic Disease
BUB1B,CDK1,0.999,Unknown Hepatic Disease
CCNB2,INCENP,0.684,Unknown Hepatic Disease
CCNB2,UBE2C,0.968,Unknown Hepatic Disease
CCNB2,CDCA8,0.974,Unknown Hepatic Disease
CCNB2,AURKB,0.99,Unknown Hepatic Disease
CCNB2,BIRC5,0.993,Unknown Hepatic Disease
CCNB2,CDK1,0.999,Unknown Hepatic Disease
CCNB2,CDC20,0.999,Unknown Hepatic Disease
BIRC5,UBE2C,0.992,Unknown Hepatic Disease
BIRC5,CDC20,0.995,Unknown Hepatic Disease
BIRC5,CDK1,0.997,Unknown Hepatic Disease
BIRC5,AURKB,0.999,Unknown Hepatic Disease
BIRC5,INCENP,0.999,Unknown Hepatic Disease
BIRC5,CDCA8,0.999,Unknown Hepatic Disease
AURKB,UBE2C,0.955,Unknown Hepatic Disease
AURKB,CDK1,0.997,Unknown Hepatic Disease
AURKB,CDC20,0.998,Unknown Hepatic Disease
AURKB,INCENP,0.999,Unknown Hepatic Disease
AURKB,CDCA8,0.999,Unknown Hepatic Disease
UBE2C,INCENP,0.425,Unknown Hepatic Disease
UBE2C,CDCA8,0.966,Unknown Hepatic Disease
UBE2C,CDK1,0.982,Unknown Hepatic Disease
UBE2C,CDC20,0.999,Unknown Hepatic Disease
CDC20,INCENP,0.964,Unknown Hepatic Disease
CDC20,CDCA8,0.992,Unknown Hepatic Disease
CDC20,CDK1,0.999,Unknown Hepatic Disease
CDCA8,CDK1,0.99,Unknown Hepatic Disease
CDCA8,INCENP,0.999,Unknown Hepatic Disease
INCENP,CDK1,0.947,Unknown Hepatic Disease
GCK,FOXA2,0.424,Unknown Hepatic Disease
GCK,ONECUT1,0.543,Unknown Hepatic Disease
GCK,HNF4A,0.739,Unknown Hepatic Disease
GCK,HNF1B,0.759,Unknown Hepatic Disease
GCK,HNF1A,0.901,Unknown Hepatic Disease
GCK,SLC2A2,0.961,Unknown Hepatic Disease
PCBD1,ONECUT1,0.439,Unknown Hepatic Disease
PCBD1,FOXA2,0.442,Unknown Hepatic Disease
PCBD1,HNF1B,0.892,Unknown Hepatic Disease
PCBD1,PCBD2,0.959,Unknown Hepatic Disease
PCBD1,HNF1A,0.995,Unknown Hepatic Disease
ONECUT1,SLC2A2,0.595,Unknown Hepatic Disease
ONECUT1,FOXA3,0.615,Unknown Hepatic Disease
ONECUT1,HNF4G,0.68,Unknown Hepatic Disease
ONECUT1,HNF4A,0.867,Unknown Hepatic Disease
ONECUT1,HNF1A,0.916,Unknown Hepatic Disease
ONECUT1,HNF1B,0.956,Unknown Hepatic Disease
ONECUT1,FOXA2,0.963,Unknown Hepatic Disease
FOXA3,HNF1B,0.55,Unknown Hepatic Disease
FOXA3,HNF4G,0.561,Unknown Hepatic Disease
FOXA3,HNF4A,0.667,Unknown Hepatic Disease
FOXA3,HNF1A,0.93,Unknown Hepatic Disease
HNF4A,SLC2A2,0.663,Unknown Hepatic Disease
HNF4A,HNF1B,0.851,Unknown Hepatic Disease
HNF4A,FOXA2,0.862,Unknown Hepatic Disease
HNF4A,HNF1A,0.988,Unknown Hepatic Disease
SLC2A2,HNF1B,0.457,Unknown Hepatic Disease
SLC2A2,FOXA2,0.688,Unknown Hepatic Disease
SLC2A2,HNF1A,0.954,Unknown Hepatic Disease
FOXA2,HNF1B,0.637,Unknown Hepatic Disease
FOXA2,HNF4G,0.777,Unknown Hepatic Disease
FOXA2,HNF1A,0.899,Unknown Hepatic Disease
PCBD2,HNF1B,0.641,Unknown Hepatic Disease
PCBD2,HNF1A,0.944,Unknown Hepatic Disease
HNF1A,HNF4G,0.943,Unknown Hepatic Disease
HNF1A,HNF1B,0.961,Unknown Hepatic Disease
CEACAM5,TTR,0.418,Unknown Hepatic Disease
CEACAM5,GPC3,0.603,Unknown Hepatic Disease
CEACAM5,F2,0.654,Unknown Hepatic Disease
CEACAM5,SERPINA1,0.693,Unknown Hepatic Disease
CEACAM5,GPT,0.728,Unknown Hepatic Disease
CEACAM5,ALB,0.728,Unknown Hepatic Disease
CEACAM5,KRT19,0.877,Unknown Hepatic Disease
CEACAM5,AFP,0.941,Unknown Hepatic Disease
TTR,KRT19,0.416,Unknown Hepatic Disease
TTR,GPT,0.633,Unknown Hepatic Disease
TTR,F2,0.724,Unknown Hepatic Disease
TTR,APOA2,0.843,Unknown Hepatic Disease
TTR,AFP,0.888,Unknown Hepatic Disease
AHSG,GPT,0.418,Unknown Hepatic Disease
AHSG,GPC3,0.57,Unknown Hepatic Disease
AHSG,AFP,0.92,Unknown Hepatic Disease
AHSG,APOA2,0.943,Unknown Hepatic Disease
AHSG,F2,0.98,Unknown Hepatic Disease
ALB,GPC3,0.491,Unknown Hepatic Disease
ALB,KRT19,0.687,Unknown Hepatic Disease
ALB,AFP,0.927,Unknown Hepatic Disease
ALB,GPT,0.928,Unknown Hepatic Disease
ALB,APOA2,0.962,Unknown Hepatic Disease
ALB,F2,0.99,Unknown Hepatic Disease
F2,GPC3,0.592,Unknown Hepatic Disease
F2,SERPINA1,0.79,Unknown Hepatic Disease
F2,APOA2,0.798,Unknown Hepatic Disease
F2,GPT,0.918,Unknown Hepatic Disease
F2,AFP,0.973,Unknown Hepatic Disease
KRT19,SERPINA1,0.486,Unknown Hepatic Disease
KRT19,GPT,0.501,Unknown Hepatic Disease
KRT19,GPC3,0.785,Unknown Hepatic Disease
KRT19,AFP,0.86,Unknown Hepatic Disease
APOA2,GPC3,0.646,Unknown Hepatic Disease
APOA2,SERPINA1,0.822,Unknown Hepatic Disease
APOA2,AFP,0.905,Unknown Hepatic Disease
GPC3,AFP,0.927,Unknown Hepatic Disease
GPT,SERPINA1,0.571,Unknown Hepatic Disease
GPT,AFP,0.894,Unknown Hepatic Disease
AFP,SERPINA1,0.927,Unknown Hepatic Disease
CSF3,BCL2,0.513,Unknown Hepatic Disease
CSF3,FN1,0.514,Unknown Hepatic Disease
CSF3,SELL,0.531,Unknown Hepatic Disease
CSF3,PECAM1,0.57,Unknown Hepatic Disease
CSF3,CD33,0.628,Unknown Hepatic Disease
CSF3,KIT,0.661,Unknown Hepatic Disease
CSF3,SELE,0.716,Unknown Hepatic Disease
CSF3,CD38,0.792,Unknown Hepatic Disease
CSF3,KITLG,0.876,Unknown Hepatic Disease
CSF3,CD34,0.94,Unknown Hepatic Disease
CD38,FN1,0.412,Unknown Hepatic Disease
CD38,SELE,0.636,Unknown Hepatic Disease
CD38,SELL,0.7,Unknown Hepatic Disease
CD38,KIT,0.722,Unknown Hepatic Disease
CD38,BCL2,0.724,Unknown Hepatic Disease
CD38,KITLG,0.786,Unknown Hepatic Disease
CD38,CD33,0.823,Unknown Hepatic Disease
CD38,CD34,0.964,Unknown Hepatic Disease
CD38,PECAM1,0.992,Unknown Hepatic Disease
CD33,BCL2,0.488,Unknown Hepatic Disease
CD33,PECAM1,0.511,Unknown Hepatic Disease
CD33,KITLG,0.57,Unknown Hepatic Disease
CD33,SELE,0.649,Unknown Hepatic Disease
CD33,SELL,0.694,Unknown Hepatic Disease
CD33,KIT,0.898,Unknown Hepatic Disease
CD33,CD34,0.951,Unknown Hepatic Disease
KIT,SELL,0.515,Unknown Hepatic Disease
KIT,BCL2,0.707,Unknown Hepatic Disease
KIT,PECAM1,0.774,Unknown Hepatic Disease
KIT,FN1,0.776,Unknown Hepatic Disease
KIT,CD34,0.956,Unknown Hepatic Disease
CD34,KITLG,0.934,Unknown Hepatic Disease
CD34,PECAM1,0.94,Unknown Hepatic Disease
CD34,BCL2,0.945,Unknown Hepatic Disease
CD34,SELE,0.953,Unknown Hepatic Disease
CD34,FN1,0.96,Unknown Hepatic Disease
CD34,SELL,0.999,Unknown Hepatic Disease
SELE,BCL2,0.54,Unknown Hepatic Disease
SELE,PECAM1,0.959,Unknown Hepatic Disease
FN1,KITLG,0.589,Unknown Hepatic Disease
FN1,PECAM1,0.748,Unknown Hepatic Disease
FN1,BCL2,0.785,Unknown Hepatic Disease
BCL2,KITLG,0.488,Unknown Hepatic Disease
BCL2,SELL,0.497,Unknown Hepatic Disease
BCL2,PECAM1,0.752,Unknown Hepatic Disease
PECAM1,KITLG,0.541,Unknown Hepatic Disease
PECAM1,SELL,0.797,Unknown Hepatic Disease
CEACAM5,PROM1,0.404,Unknown Hepatic Disease
CEACAM5,KRT18,0.493,Unknown Hepatic Disease
CEACAM5,KRT8,0.528,Unknown Hepatic Disease
CEACAM5,EPCAM,0.757,Unknown Hepatic Disease
CEACAM5,C17orf97,0.788,Unknown Hepatic Disease
CEACAM5,ENO2,0.919,Unknown Hepatic Disease
EPCAM,DSP,0.414,Unknown Hepatic Disease
EPCAM,C17orf97,0.542,Unknown Hepatic Disease
EPCAM,AFP,0.679,Unknown Hepatic Disease
EPCAM,GPC3,0.747,Unknown Hepatic Disease
EPCAM,KRT18,0.789,Unknown Hepatic Disease
EPCAM,KRT8,0.845,Unknown Hepatic Disease
EPCAM,PROM1,0.864,Unknown Hepatic Disease
EPCAM,KRT19,0.888,Unknown Hepatic Disease
C17orf97,GPC3,0.575,Unknown Hepatic Disease
C17orf97,AFP,0.621,Unknown Hepatic Disease
C17orf97,ENO2,0.704,Unknown Hepatic Disease
C17orf97,KRT8,0.72,Unknown Hepatic Disease
C17orf97,KRT18,0.801,Unknown Hepatic Disease
C17orf97,KRT19,0.877,Unknown Hepatic Disease
KRT19,ENO2,0.791,Unknown Hepatic Disease
KRT19,KRT8,0.796,Unknown Hepatic Disease
KRT19,PROM1,0.812,Unknown Hepatic Disease
KRT19,DSP,0.84,Unknown Hepatic Disease
KRT19,KRT18,0.928,Unknown Hepatic Disease
DSP,KRT8,0.869,Unknown Hepatic Disease
DSP,KRT18,0.957,Unknown Hepatic Disease
KRT18,GPC3,0.405,Unknown Hepatic Disease
KRT18,ENO2,0.52,Unknown Hepatic Disease
KRT18,PROM1,0.524,Unknown Hepatic Disease
KRT18,AFP,0.704,Unknown Hepatic Disease
KRT18,KRT8,0.999,Unknown Hepatic Disease
GPC3,KRT8,0.431,Unknown Hepatic Disease
GPC3,PROM1,0.632,Unknown Hepatic Disease
AFP,PROM1,0.548,Unknown Hepatic Disease
AFP,KRT8,0.634,Unknown Hepatic Disease
AFP,ENO2,0.726,Unknown Hepatic Disease
PROM1,KRT8,0.482,Unknown Hepatic Disease
ENO2,KRT8,0.549,Unknown Hepatic Disease
WNT3,WNT5A,0.528,Unknown Hepatic Disease
WNT3,SHH,0.573,Unknown Hepatic Disease
WNT3,WNT4,0.64,Unknown Hepatic Disease
WNT3,WNT1,0.707,Unknown Hepatic Disease
WNT3,WNT2,0.743,Unknown Hepatic Disease
WNT3,GPC3,0.921,Unknown Hepatic Disease
WNT3,WNT3A,0.974,Unknown Hepatic Disease
WNT5A,IHH,0.523,Unknown Hepatic Disease
WNT5A,WNT3A,0.534,Unknown Hepatic Disease
WNT5A,SHH,0.669,Unknown Hepatic Disease
WNT5A,WNT2,0.711,Unknown Hepatic Disease
WNT5A,WNT1,0.736,Unknown Hepatic Disease
WNT5A,WNT4,0.871,Unknown Hepatic Disease
WNT5A,GPC3,0.96,Unknown Hepatic Disease
WNT2,IHH,0.414,Unknown Hepatic Disease
WNT2,IGF2,0.515,Unknown Hepatic Disease
WNT2,WNT4,0.536,Unknown Hepatic Disease
WNT2,SHH,0.638,Unknown Hepatic Disease
WNT2,WNT1,0.696,Unknown Hepatic Disease
WNT2,WNT3A,0.697,Unknown Hepatic Disease
WNT2,GPC3,0.927,Unknown Hepatic Disease
WNT3A,IHH,0.609,Unknown Hepatic Disease
WNT3A,WNT4,0.708,Unknown Hepatic Disease
WNT3A,SHH,0.775,Unknown Hepatic Disease
WNT3A,WNT1,0.832,Unknown Hepatic Disease
WNT3A,GPC3,0.986,Unknown Hepatic Disease
WNT4,IHH,0.552,Unknown Hepatic Disease
WNT4,SHH,0.552,Unknown Hepatic Disease
WNT4,WNT1,0.912,Unknown Hepatic Disease
WNT4,GPC3,0.926,Unknown Hepatic Disease
WNT1,IHH,0.446,Unknown Hepatic Disease
WNT1,SHH,0.805,Unknown Hepatic Disease
WNT1,GPC3,0.922,Unknown Hepatic Disease
IHH,SHH,0.951,Unknown Hepatic Disease
IHH,GPC3,0.964,Unknown Hepatic Disease
SHH,IGF2,0.479,Unknown Hepatic Disease
SHH,GPC3,0.959,Unknown Hepatic Disease
GPC3,IGF2,0.993,Unknown Hepatic Disease
AFP,IGF2,0.702,Unknown Hepatic Disease
CEACAM5,PAX8,0.506,Unknown Hepatic Disease
CEACAM5,WT1,0.541,Unknown Hepatic Disease
CEACAM5,NAPSA,0.597,Unknown Hepatic Disease
CEACAM5,CDX2,0.679,Unknown Hepatic Disease
CEACAM5,NKX2-1,0.697,Unknown Hepatic Disease
CEACAM5,PIP,0.699,Unknown Hepatic Disease
CEACAM5,SYP,0.701,Unknown Hepatic Disease
CEACAM5,KRT7,0.883,Unknown Hepatic Disease
NAPSA,AMACR,0.543,Unknown Hepatic Disease
NAPSA,PIP,0.592,Unknown Hepatic Disease
NAPSA,WT1,0.604,Unknown Hepatic Disease
NAPSA,SYP,0.644,Unknown Hepatic Disease
NAPSA,PAX8,0.72,Unknown Hepatic Disease
NAPSA,CDX2,0.72,Unknown Hepatic Disease
NAPSA,C17orf97,0.814,Unknown Hepatic Disease
NAPSA,NKX2-1,0.879,Unknown Hepatic Disease
NAPSA,KRT7,0.881,Unknown Hepatic Disease
SYP,AMACR,0.436,Unknown Hepatic Disease
SYP,PIP,0.48,Unknown Hepatic Disease
SYP,WT1,0.571,Unknown Hepatic Disease
SYP,PAX8,0.6,Unknown Hepatic Disease
SYP,CDX2,0.701,Unknown Hepatic Disease
SYP,NKX2-1,0.773,Unknown Hepatic Disease
SYP,C17orf97,0.812,Unknown Hepatic Disease
SYP,KRT7,0.84,Unknown Hepatic Disease
PAX8,PIP,0.582,Unknown Hepatic Disease
PAX8,AMACR,0.699,Unknown Hepatic Disease
PAX8,CDX2,0.72,Unknown Hepatic Disease
PAX8,WT1,0.781,Unknown Hepatic Disease
PAX8,C17orf97,0.792,Unknown Hepatic Disease
PAX8,KRT7,0.876,Unknown Hepatic Disease
PAX8,NKX2-1,0.98,Unknown Hepatic Disease
PIP,WT1,0.479,Unknown Hepatic Disease
PIP,NKX2-1,0.582,Unknown Hepatic Disease
PIP,CDX2,0.664,Unknown Hepatic Disease
PIP,C17orf97,0.81,Unknown Hepatic Disease
PIP,KRT7,0.848,Unknown Hepatic Disease
KRT7,AMACR,0.811,Unknown Hepatic Disease
KRT7,WT1,0.832,Unknown Hepatic Disease
KRT7,NKX2-1,0.873,Unknown Hepatic Disease
KRT7,CDX2,0.887,Unknown Hepatic Disease
KRT7,C17orf97,0.96,Unknown Hepatic Disease
NKX2-1,WT1,0.515,Unknown Hepatic Disease
NKX2-1,C17orf97,0.781,Unknown Hepatic Disease
C17orf97,AMACR,0.665,Unknown Hepatic Disease
C17orf97,WT1,0.709,Unknown Hepatic Disease
C17orf97,CDX2,0.904,Unknown Hepatic Disease
WT1,AMACR,0.43,Unknown Hepatic Disease
WT1,CDX2,0.583,Unknown Hepatic Disease
CDX2,AMACR,0.514,Unknown Hepatic Disease
APOC3,CD36,0.424,Unknown Hepatic Disease
APOC3,FABP2,0.485,Unknown Hepatic Disease
APOC3,PPARA,0.709,Unknown Hepatic Disease
APOC3,SCARB1,0.842,Unknown Hepatic Disease
APOC3,FABP1,0.933,Unknown Hepatic Disease
APOC3,APOB,0.999,Unknown Hepatic Disease
APOC3,APOA1,0.999,Unknown Hepatic Disease
APOB,FABP4,0.401,Unknown Hepatic Disease
APOB,FABP2,0.664,Unknown Hepatic Disease
APOB,GOT2,0.773,Unknown Hepatic Disease
APOB,PPARA,0.819,Unknown Hepatic Disease
APOB,FABP1,0.898,Unknown Hepatic Disease
APOB,CD36,0.98,Unknown Hepatic Disease
APOB,SCARB1,0.997,Unknown Hepatic Disease
APOB,APOA1,0.999,Unknown Hepatic Disease
APOA1,GOT2,0.414,Unknown Hepatic Disease
APOA1,FABP2,0.691,Unknown Hepatic Disease
APOA1,PPARA,0.828,Unknown Hepatic Disease
APOA1,FABP1,0.88,Unknown Hepatic Disease
APOA1,CD36,0.917,Unknown Hepatic Disease
APOA1,SCARB1,0.999,Unknown Hepatic Disease
GOT2,PPARA,0.778,Unknown Hepatic Disease
GOT2,SCARB1,0.838,Unknown Hepatic Disease
GOT2,CD36,0.86,Unknown Hepatic Disease
GOT2,FABP4,0.904,Unknown Hepatic Disease
GOT2,FABP3,0.949,Unknown Hepatic Disease
GOT2,FABP2,0.957,Unknown Hepatic Disease
GOT2,FABP1,0.96,Unknown Hepatic Disease
FABP4,FABP2,0.621,Unknown Hepatic Disease
FABP4,FABP3,0.683,Unknown Hepatic Disease
FABP4,PPARA,0.795,Unknown Hepatic Disease
FABP4,SCARB1,0.865,Unknown Hepatic Disease
FABP4,FABP1,0.904,Unknown Hepatic Disease
FABP4,CD36,0.969,Unknown Hepatic Disease
SCARB1,FABP2,0.547,Unknown Hepatic Disease
SCARB1,FABP3,0.751,Unknown Hepatic Disease
SCARB1,FABP1,0.877,Unknown Hepatic Disease
SCARB1,PPARA,0.896,Unknown Hepatic Disease
FABP2,FABP3,0.519,Unknown Hepatic Disease
FABP2,CD36,0.574,Unknown Hepatic Disease
FABP2,PPARA,0.58,Unknown Hepatic Disease
FABP2,FABP1,0.965,Unknown Hepatic Disease
FABP1,FABP3,0.929,Unknown Hepatic Disease
FABP1,CD36,0.938,Unknown Hepatic Disease
FABP1,PPARA,0.964,Unknown Hepatic Disease
FABP3,PPARA,0.614,Unknown Hepatic Disease
FABP3,CD36,0.786,Unknown Hepatic Disease
PPARA,CD36,0.952,Unknown Hepatic Disease
NR0B2,NR1H3,0.941,Unknown Hepatic Disease
NR0B2,ABCB11,0.948,Unknown Hepatic Disease
NR0B2,NR1I2,0.952,Unknown Hepatic Disease
NR0B2,CYP8B1,0.958,Unknown Hepatic Disease
NR0B2,CYP7A1,0.974,Unknown Hepatic Disease
NR0B2,PPARG,0.976,Unknown Hepatic Disease
NR0B2,NR1H4,0.986,Unknown Hepatic Disease
NR0B2,CREB3,0.988,Unknown Hepatic Disease
NR0B2,HNF4A,0.994,Unknown Hepatic Disease
NR0B2,NR5A2,0.999,Unknown Hepatic Disease
PPARG,NR1H4,0.539,Unknown Hepatic Disease
PPARG,HNF4A,0.582,Unknown Hepatic Disease
PPARG,CYP7A1,0.616,Unknown Hepatic Disease
PPARG,NR1H3,0.865,Unknown Hepatic Disease
CYP7A1,HNF4A,0.748,Unknown Hepatic Disease
CYP7A1,NR1I2,0.849,Unknown Hepatic Disease
CYP7A1,NR1H3,0.879,Unknown Hepatic Disease
CYP7A1,ABCB11,0.934,Unknown Hepatic Disease
CYP7A1,NR5A2,0.946,Unknown Hepatic Disease
CYP7A1,NR1H4,0.986,Unknown Hepatic Disease
HNF4A,ABCB11,0.508,Unknown Hepatic Disease
HNF4A,NR5A2,0.619,Unknown Hepatic Disease
HNF4A,CYP8B1,0.764,Unknown Hepatic Disease
HNF4A,NR1H4,0.786,Unknown Hepatic Disease
HNF4A,NR1I2,0.829,Unknown Hepatic Disease
CYP8B1,NR1H3,0.662,Unknown Hepatic Disease
CYP8B1,NR1I2,0.686,Unknown Hepatic Disease
CYP8B1,ABCB11,0.826,Unknown Hepatic Disease
CYP8B1,NR1H4,0.861,Unknown Hepatic Disease
CYP8B1,NR5A2,0.89,Unknown Hepatic Disease
NR1I2,NR5A2,0.495,Unknown Hepatic Disease
NR1I2,NR1H4,0.642,Unknown Hepatic Disease
NR1I2,ABCB11,0.839,Unknown Hepatic Disease
NR5A2,ABCB11,0.533,Unknown Hepatic Disease
NR5A2,NR1H3,0.646,Unknown Hepatic Disease
NR5A2,NR1H4,0.705,Unknown Hepatic Disease
NR1H4,NR1H3,0.426,Unknown Hepatic Disease
NR1H4,ABCB11,0.964,Unknown Hepatic Disease
NR1H3,ABCB11,0.432,Unknown Hepatic Disease
KDR,FGFR2,0.511,Unknown Hepatic Disease
KDR,SDC1,0.56,Unknown Hepatic Disease
KDR,FGFR1,0.681,Unknown Hepatic Disease
KDR,HSPG2,0.975,Unknown Hepatic Disease
KDR,FLT1,0.994,Unknown Hepatic Disease
KDR,FGF2,0.998,Unknown Hepatic Disease
FGF2,FLT1,0.993,Unknown Hepatic Disease
FGF2,SDC4,0.993,Unknown Hepatic Disease
FGF2,FGFBP1,0.995,Unknown Hepatic Disease
FGF2,SDC1,0.997,Unknown Hepatic Disease
FGF2,HSPG2,0.998,Unknown Hepatic Disease
FGF2,FGFR2,0.999,Unknown Hepatic Disease
FGF2,FGFR4,0.999,Unknown Hepatic Disease
FGF2,FGFR1,0.999,Unknown Hepatic Disease
FGF2,FGFR3,0.999,Unknown Hepatic Disease
FLT1,HSPG2,0.406,Unknown Hepatic Disease
FLT1,FGFR2,0.431,Unknown Hepatic Disease
FLT1,FGFR4,0.476,Unknown Hepatic Disease
FLT1,FGFR1,0.555,Unknown Hepatic Disease
FGFR4,FGFR2,0.632,Unknown Hepatic Disease
FGFR4,FGFR3,0.79,Unknown Hepatic Disease
FGFR4,FGFR1,0.967,Unknown Hepatic Disease
FGFR3,SDC1,0.457,Unknown Hepatic Disease
FGFR3,FGFR1,0.854,Unknown Hepatic Disease
FGFR3,FGFR2,0.987,Unknown Hepatic Disease
SDC4,HSPG2,0.785,Unknown Hepatic Disease
SDC4,FGFR1,0.887,Unknown Hepatic Disease
SDC4,SDC1,0.947,Unknown Hepatic Disease
HSPG2,FGFR2,0.441,Unknown Hepatic Disease
HSPG2,FGFR1,0.62,Unknown Hepatic Disease
HSPG2,FGFBP1,0.884,Unknown Hepatic Disease
HSPG2,SDC1,0.966,Unknown Hepatic Disease
SDC1,FGFR1,0.695,Unknown Hepatic Disease
FGFBP1,FGFR2,0.614,Unknown Hepatic Disease
FGFR1,FGFR2,0.853,Unknown Hepatic Disease
PRKAR2A,AKAP5,0.905,Unknown Hepatic Disease
PRKAR2A,PRKAR1A,0.922,Unknown Hepatic Disease
PRKAR2A,PRKAR1B,0.951,Unknown Hepatic Disease
PRKAR2A,AKAP1,0.97,Unknown Hepatic Disease
PRKAR2A,PRKAR2B,0.989,Unknown Hepatic Disease
PRKAR2A,PRKACA,0.999,Unknown Hepatic Disease
PRKAR2B,RYR2,0.41,Unknown Hepatic Disease
PRKAR2B,CREB1,0.499,Unknown Hepatic Disease
PRKAR2B,PRKAR1A,0.954,Unknown Hepatic Disease
PRKAR2B,PRKAR1B,0.968,Unknown Hepatic Disease
PRKAR2B,AKAP1,0.981,Unknown Hepatic Disease
PRKAR2B,AKAP5,0.996,Unknown Hepatic Disease
PRKAR2B,PRKACA,0.999,Unknown Hepatic Disease
PRKACA,RYR2,0.994,Unknown Hepatic Disease
PRKACA,CREB1,0.996,Unknown Hepatic Disease
PRKACA,EZR,0.998,Unknown Hepatic Disease
PRKACA,AKAP5,0.998,Unknown Hepatic Disease
PRKACA,PKIA,0.998,Unknown Hepatic Disease
PRKACA,PRKAR1B,0.999,Unknown Hepatic Disease
PRKACA,AKAP1,0.999,Unknown Hepatic Disease
PRKACA,PRKAR1A,0.999,Unknown Hepatic Disease
EZR,AKAP5,0.454,Unknown Hepatic Disease
RYR2,AKAP5,0.457,Unknown Hepatic Disease
PRKAR1A,CREB1,0.491,Unknown Hepatic Disease
PRKAR1A,AKAP5,0.593,Unknown Hepatic Disease
PRKAR1A,AKAP1,0.854,Unknown Hepatic Disease
PRKAR1A,PRKAR1B,0.98,Unknown Hepatic Disease
AKAP5,PRKAR1B,0.531,Unknown Hepatic Disease
AKAP5,AKAP1,0.931,Unknown Hepatic Disease
PRKAR1B,AKAP1,0.722,Unknown Hepatic Disease
CREB1,AKAP1,0.4,Unknown Hepatic Disease
